RTT
0.157513
0.169872
0.119874
0.069886
0.126114
0.0761286
0.166372
0.216374
0.116386
0.166531
0.216533
0.116534
0.0665453
0.221164
0.171171
0.121178
0.071189
0.0751936
0.077392
0.277406
0.180314
0.230316
0.130328
0.18135
0.231352
0.131364
0.182547
0.132549
0.232551
0.0825617
0.183092
0.233094
0.133107
0.183333
0.133335
0.233337
0.0833468
0.18365
0.233651
0.133653
0.0836639
0.184214
0.234215
0.134228
0.184472
0.134474
0.0844859
0.185042
0.235044
0.135056
0.235396
0.185397
0.13541
0.185973
0.235974
0.135987
0.186327
0.136328
0.23633
0.0363411
0.186726
0.236727
0.136729
0.0367401
0.187307
0.237309
0.13732
0.187723
0.0877254
0.237727
0.0377373
0.187945
0.0879475
0.237959
0.188377
0.0883787
0.23838
0.0383914
0.188608
0.23861
0.138622
0.188777
0.138779
0.238781
0.0387905
0.189173
0.239175
0.139187
0.189568
0.23957
0.139583
0.189936
0.0899377
0.23994
0.0399496
0.190203
0.140205
0.240217
0.190581
0.140583
0.240585
0.0405957
0.19075
0.0907519
0.240754
0.0407637
0.191269
0.14127
0.241283
0.191428
0.141429
0.241431
0.0414418
0.141605
0.191607
0.241609
0.0416189
0.191818
0.241819
0.141821
0.0418319
0.192094
0.142095
0.242097
0.0920985
0.042108
0.192316
0.242318
0.0923202
0.04233
0.19252
0.0925213
0.242534
0.19288
0.242882
0.0928941
0.193111
0.143113
0.0931252
0.193333
0.143335
0.243337
0.0933472
0.193519
0.143521
0.243522
0.0935332
0.193679
0.143681
0.243683
0.0936854
0.0436923
0.19411
0.144112
0.244114
0.0941156
0.0441243
0.194488
0.24449
0.0944913
0.0445024
0.194921
0.144923
0.244925
0.0449344
0.195079
0.245081
0.145093
0.195239
0.0952406
0.245243
0.0452525
0.195625
0.245627
0.145628
0.0456395
0.195812
0.145814
0.0958157
0.0458256
0.196162
0.146164
0.246166
0.0461766
0.246358
0.196361
0.146364
0.0963717
0.196913
0.146915
0.0969169
0.0469268
0.19709
0.147092
0.247094
0.0471038
0.197294
0.247295
0.0972968
0.0473079
0.197639
0.247641
0.147643
0.0476529
0.197843
0.247844
0.0478459
0.097857
0.198065
0.148066
0.248068
0.098079
0.198593
0.0985952
0.248597
0.048607
0.198797
0.248799
0.148801
0.0488111
0.199343
0.149345
0.249347
0.0493572
0.199574
0.149576
0.249578
0.0995796
0.0495883
0.199991
0.099993
0.249995
0.0500053
0.221266
0.271268
0.0712699
0.12128
0.221836
0.121838
0.27185
0.222196
0.272198
0.12221
0.222373
0.272375
0.122377
0.0723871
0.222532
0.172533
0.122535
0.0725461
0.22279
0.272791
0.122793
0.0728042
0.223204
0.173206
0.273208
0.0732182
0.22353
0.173532
0.273533
0.123535
0.0735365
0.323544
0.223929
0.123931
0.273933
0.0739433
0.224316
0.124318
0.27433
0.225281
0.175283
0.275285
0.0752945
0.22585
0.125852
0.275854
0.0758646
0.0762013
0.326216
0.0764503
0.126452
0.326465
0.226864
0.176866
0.276868
0.0768693
0.326879
0.227282
0.177283
0.127285
0.0772871
0.327296
0.128597
0.0785991
0.328612
0.0790296
0.329044
0.079234
0.329248
0.079425
0.079581
0.0798
0.0799687
0.329983
0.080137
0.330151
0.0805598
0.330574
0.0808269
0.330841
0.0810673
0.331081
0.081307
0.331321
0.08164
0.331654
0.0822254
0.0826081
0.332622
0.0829891
0.333003
0.0831576
0.333172
0.0835364
0.33355
0.333826
0.334036
0.334861
0.335035
0.335209
0.335374
0.0857796
0.335794
0.336118
0.336319
0.336703
0.337087
0.337315
0.337471
0.337708
0.337864
0.338407
0.338671
0.239023
0.189025
0.289037
0.239587
0.139589
0.289601
0.240151
0.190153
0.290154
0.340165
0.340877
0.341132
0.342321
0.342816
0.343062
0.343449
0.343668
0.343842
0.344247
0.344577
0.344955
0.34536
0.345516
0.0958761
0.346018
0.0460322
0.0964171
0.0464312
0.0967499
0.346764
0.347283
0.0975064
0.0475203
0.347715
0.0979201
0.347934
0.0985026
0.348516
0.0987295
0.348871
0.0488856
0.349063
0.349387
0.349591
0.0496057
0.349774
0.350056
0.367719
0.0677329
0.368232
0.368388
0.118558
0.36856
0.0685712
0.36873
0.369844
0.374603
0.124969
0.375435
0.375609
0.125819
0.126029
0.376186
0.376441
0.376597
0.377272
0.377638
0.080005
0.140904
0.125523
0.127875
0.129891
0.132747
0.0835358
0.133974
0.134439
0.134733
0.135306
0.137499
0.139485
0.0909671
0.144762
0.149403
0.16688
0.169679
0.170237
0.170757
0.126395
0.126743
0.132521
0.134201
0.139373
0.141612
0.193571
0.144576
0.21755
0.268752
0.269419
0.119566
0.11974
0.220347
0.220726
0.120873
0.221626
0.224393
0.124795
0.125502
0.126359
0.126624
0.126879
0.227062
0.127815
0.22874
0.228941
0.129352
0.230565
0.133418
0.264078
0.0640918
0.264946
0.120636
0.120828
0.120993
0.271802
0.121985
0.125193
0.277426
0.278767
0.129853
0.132376
0.132733
0.286066
0.286459
0.291784
0.294922
0.296854
0.315595
0.320425
0.320575
0.12059
0.121142
0.321691
0.322893
0.122907
0.32346
0.123747
0.32438
0.324812
0.324977
0.325164
0.125178
0.325359
0.275373
0.27555
0.325907
0.326072
0.326379
0.276393
0.326597
0.326891
0.277302
0.328101
0.328431
0.3286
0.278614
0.228773
0.329283
0.279511
0.279694
0.279967
0.630279
0.280618
0.230837
0.331225
0.281239
0.332073
0.332256
0.132538
0.284648
0.285939
0.138373
0.339078
0.289499
0.29018
0.241482
0.292289
0.29333
0.29411
0.295403
0.296246
0.347296
0.297689
0.298046
0.298457
0.299006
0.149417
0.299573
0.316111
0.32045
0.270464
0.32086
0.321034
0.321939
0.271954
0.322278
0.322665
0.27268
0.32406
0.124062
0.274075
0.32427
0.325366
0.125544
0.325558
0.325887
0.275901
0.326087
0.326475
0.276489
0.326867
0.277117
0.127131
0.327557
0.327876
0.128206
0.328354
0.128564
0.328819
0.329065
0.32932
0.279452
0.329467
0.329707
0.33004
0.130055
0.330227
0.280241
0.130445
0.331138
0.13133
0.281486
0.281759
0.331991
0.282005
0.232164
0.282539
0.33274
0.28331
0.333622
0.283805
0.284006
0.234309
0.284474
0.284997
0.335357
0.285372
0.335804
0.286198
0.286417
0.286564
0.286978
0.287134
0.287398
0.388124
0.13828
0.288691
0.289649
0.289823
0.290517
0.290718
0.341291
0.291774
0.142842
0.294007
0.295552
0.295945
0.296329
0.296803
0.297493
0.298702
0.299122
0.319487
0.170178
0.320544
0.321232
0.271247
0.321774
0.271788
0.273271
0.323427
0.273583
0.32373
0.323878
0.27443
0.325172
0.126155
0.326365
0.326785
0.276959
0.127307
0.277466
0.127481
0.277707
0.127721
0.27797
0.128345
0.278714
0.278987
0.279269
0.279965
0.280358
0.281241
0.131407
0.283354
0.283738
0.284167
0.384605
0.134998
0.287416
0.288377
0.288569
0.238716
0.239166
0.289331
0.290075
0.291251
0.141788
0.292208
0.293249
0.293651
0.29411
0.294275
0.294458
0.294827
0.295073
0.295521
0.295932
0.296316
0.347186
0.298164
0.248746
0.299103
0.263036
0.315449
0.31598
0.265994
0.321593
0.271608
0.172178
0.3227
0.322919
0.274001
0.324829
0.274844
0.325177
0.325673
0.32582
0.325976
0.276306
0.326627
0.0773007
0.327315
0.327546
0.177774
0.328171
0.278573
0.329134
0.279554
0.129756
0.280215
0.280407
0.130617
0.331171
0.281537
0.282084
0.13224
0.132522
0.282669
0.283401
0.28521
0.135879
0.486236
0.286926
0.287073
0.237484
0.287859
0.28806
0.238612
0.138988
0.290479
0.290635
0.291037
0.141211
0.29143
0.291736
0.292018
0.292237
0.292795
0.293077
0.293866
0.295276
0.296089
0.14665
0.297055
0.347292
0.297493
0.297694
0.348051
0.298427
0.298829
0.324322
0.324755
0.275166
0.425385
0.325604
0.326034
0.32628
0.326691
0.326874
0.327138
0.32742
0.227727
0.277964
0.328656
0.328875
0.329017
0.279031
0.279298
0.3297
0.329959
0.279973
0.480196
0.330535
0.330736
0.531
0.131273
0.131546
0.131924
0.132569
0.283763
0.135218
0.237168
0.138146
0.289682
0.140498
0.291638
0.542004
0.292532
0.295157
0.145496
0.147095
0.297545
0.447711
0.298068
0.498314
0.299517
0.51168
0.311993
0.265589
0.617951
0.31872
0.519802
0.469816
0.32015
0.320828
0.120843
0.121233
0.371746
0.322067
0.322593
0.125569
0.576104
0.526118
0.326527
0.326692
0.377499
0.277646
0.277793
0.328617
0.328911
0.0795001
0.13008
0.130227
0.280899
0.13143
0.331613
0.582033
0.282306
0.532471
0.282709
0.483123
0.483378
0.283579
0.284128
0.484374
0.384638
0.284821
0.284995
0.235205
0.286141
0.336315
0.136819
0.287029
0.287798
0.33799
0.138551
0.289025
0.339599
0.539959
0.340466
0.490842
0.341034
0.29119
0.241505
0.34167
0.29188
0.542213
0.292597
0.292798
0.493173
0.143593
0.293998
0.29443
0.344769
0.294925
0.295144
0.345327
0.295675
0.245885
0.196131
0.296305
0.296506
0.296653
0.146809
0.297074
0.347632
0.347815
0.548211
0.298616
0.349012
0.549213
0.299636
0.29981
0.300202
0.359354
0.459867
0.312952
0.320588
0.370904
0.320918
0.321185
0.47135
0.321707
0.323073
0.37338
0.374672
0.324837
0.125002
0.326087
0.326408
0.526801
0.477221
0.52756
0.328277
0.278777
0.478978
0.279179
0.579375
0.529389
0.27957
0.329584
0.379909
0.380191
0.330419
0.280638
0.280794
0.131076
0.131236
0.38125
0.28149
0.381664
0.382443
0.132698
0.283118
0.133274
0.333661
0.634048
0.134579
0.334771
0.535413
0.335605
0.285752
0.386007
0.486217
0.136647
0.287355
0.38788
0.388144
0.288363
0.338843
0.339203
0.289413
0.489605
0.290076
0.290277
0.290433
0.490598
0.290853
0.291063
0.291834
0.242335
0.293196
0.293583
0.394015
0.294189
0.494345
0.244702
0.295143
0.295309
0.295666
0.545831
0.146215
0.297031
0.297964
0.298396
0.298543
0.298927
0.300018
0.3146
0.114614
0.31533
0.318032
0.418509
0.318999
0.269775
0.319789
0.321108
0.42151
0.321657
0.322044
0.372059
0.372321
0.422335
0.322842
0.323154
0.323328
0.324431
0.325128
0.275142
0.325972
0.275986
0.326646
0.477333
0.327561
0.328119
0.328476
0.328695
0.328896
0.0797333
0.229748
0.329934
0.330162
0.330483
0.330693
0.530885
0.13162
0.281839
0.282187
0.282709
0.133096
0.133279
0.133612
0.483805
0.133952
0.284637
0.284874
0.285381
0.135396
0.285828
0.286434
0.336662
0.436983
0.537175
0.287349
0.287661
0.287991
0.138255
0.288402
0.338585
0.290622
0.391015
0.29225
0.292442
0.292598
0.293621
0.294044
0.294467
0.394641
0.345044
0.295413
0.295614
0.29607
0.296983
0.297139
0.297643
0.248009
0.298291
0.299071
0.299734
0.267347
0.317361
0.317999
0.318908
0.31938
0.172242
0.322256
0.322546
0.52287
0.572885
0.27323
0.323395
0.323608
0.273623
0.573804
0.523818
0.323977
0.524124
0.324956
0.525659
0.32762
0.277953
0.428349
0.278364
0.328532
0.729081
0.329354
0.329555
0.329952
0.330135
0.280327
0.330555
0.48145
0.281723
0.282062
0.432401
0.532767
0.334354
0.484519
0.134894
0.135042
0.287874
0.13827
0.288681
0.289176
0.291587
0.141734
0.292094
0.292259
0.592652
0.292799
0.143177
0.493831
0.543845
0.294601
0.244856
0.295111
0.545244
0.745258
0.295553
0.245808
0.146027
0.346192
0.546384
0.296549
0.546963
0.947128
0.297365
0.647931
0.948408
0.298822
0.549023
0.299398
0.349809
0.316623
0.269739
0.170182
0.320787
0.371322
0.321337
0.322362
0.322635
0.323197
0.323344
0.323746
0.324571
0.324946
0.525294
0.325816
0.326168
0.276169
0.126182
0.276534
0.276681
0.127904
0.47806
0.128234
0.329113
0.329452
0.130444
0.330654
0.131131
0.331341
0.131725
0.482028
0.732247
0.732448
0.282826
0.282973
0.28336
0.283597
0.28373
0.333745
0.283985
1.03429
0.284627
0.135161
0.385821
0.136169
0.336325
0.286646
0.33682
0.237252
0.28748
0.287645
0.28814
0.488287
0.288434
0.538776
0.289004
0.289277
0.289478
0.289882
0.290321
0.540477
0.991079
1.04109
0.291447
0.241595
0.291997
0.442543
1.04292
0.293329
0.293713
0.295957
0.298066
0.298909
0.149395
0.299542
0.299863
0.319578
0.320276
0.320789
0.721607
0.321991
0.273133
0.323526
0.274136
0.32415
0.324573
0.274738
0.325242
0.175776
0.325923
0.326677
0.326887
0.327097
0.327476
0.27749
0.277676
0.327923
0.131152
0.331154
0.281167
0.581692
0.581848
0.532508
0.282922
0.333105
0.483438
0.133831
0.334347
0.284998
0.285145
0.335409
0.135682
1.03582
1.08582
0.935829
1.03602
0.986021
0.936033
1.0362
1.0862
0.936211
1.03673
1.08673
0.936748
1.03712
0.987123
1.08713
1.03753
0.937527
1.08754
0.287726
0.137957
0.287972
0.288239
0.28844
0.289211
0.28943
0.139754
0.339769
0.289973
0.290357
0.290558
0.540786
0.340978
0.291608
0.142028
0.292322
0.492733
0.293558
0.143714
0.294117
0.544531
0.294852
0.295044
0.145599
0.296685
0.297096
0.297462
0.548783
0.349168
0.19936
0.249552
0.321457
0.271471
0.571675
0.72249
0.622504
0.372838
0.374238
0.324253
0.324671
0.274685
0.325075
0.27509
0.325489
0.275504
0.325882
0.326203
0.277125
0.327455
0.327714
0.277728
0.327995
0.32825
0.528514
0.328866
0.12888
0.329249
0.229561
0.229771
0.329927
0.330633
0.281308
0.331491
0.331683
0.332085
0.332313
0.532838
0.333261
0.633681
0.334105
0.23436
0.234525
0.234717
0.134999
0.235281
0.28554
0.135554
0.33624
0.286414
1.18683
0.287239
0.537779
0.288304
0.13871
0.489178
0.339908
0.139922
0.340282
0.290675
0.291068
0.24147
0.141647
0.291662
0.292124
0.542406
0.492652
0.29288
0.293027
0.293228
0.293648
0.293885
0.544135
0.494149
0.294371
0.144654
0.594873
0.295545
0.296442
0.297102
0.297312
0.497567
0.298158
0.298911
0.299121
0.299664
0.299838
0.503097
0.362816
0.312831
0.313396
0.318454
0.319642
0.319789
0.319963
0.32104
0.322829
0.323249
0.523396
0.323606
0.323753
0.325403
0.275417
0.326256
0.12627
0.176813
0.327512
0.528082
0.328599
0.32881
0.278978
0.328993
0.579326
0.279608
0.329755
0.329938
0.380166
0.330385
0.280559
0.180826
0.330828
0.130841
0.231228
0.581621
0.331969
0.232116
0.232757
0.332935
0.182949
0.283207
0.13339
0.133618
0.283774
0.134104
0.33426
0.134782
0.934938
0.385305
0.285647
0.285813
0.335996
0.286206
0.13672
0.286885
0.437095
0.137395
0.28741
0.137614
0.288521
0.388716
0.638731
0.288935
0.239349
0.289577
0.289992
0.290157
0.64034
0.290514
0.490742
0.541363
0.293453
0.294935
0.29558
0.296394
0.296742
0.297108
0.147519
0.297885
0.298398
0.298572
0.299334
0.299712
0.200051
0.319151
0.270311
0.570624
0.17382
0.323834
0.574083
0.17509
0.325255
0.326231
0.576601
0.326838
0.277003
0.227378
0.327634
0.327991
0.328273
0.528501
0.32866
0.728675
0.328967
0.428981
0.329461
0.3298
0.329947
0.430464
0.480466
0.330478
0.330673
0.330937
0.331156
0.281366
0.331669
0.281825
0.331999
0.382246
0.332447
0.333021
0.134366
0.484558
0.334768
0.28529
0.2355
0.135674
0.336034
0.186185
0.236199
0.537049
0.287277
0.287446
0.33746
0.5377
0.288457
0.288784
0.238798
0.239653
0.289809
0.289965
0.14035
0.340497
0.290689
0.291187
0.291619
0.292012
0.292186
0.292369
0.292801
0.292993
0.293185
0.243341
0.293743
0.293917
0.494481
0.295406
0.295589
0.295817
0.295991
0.296147
0.296567
0.296938
0.347304
0.297514
0.297715
0.298063
0.54821
0.298531
0.398768
0.299365
0.449521
0.299758
0.299923
0.312146
0.312735
0.370281
0.320295
0.320779
0.270793
0.321533
0.321866
0.271881
0.322271
0.172286
0.222445
0.222775
0.272949
0.323114
0.323288
0.273828
0.324371
0.32487
0.274884
0.325373
0.575923
0.326106
0.326289
0.326658
0.327266
0.327729
0.227948
0.228203
0.57835
0.278506
0.32868
0.228917
0.279154
0.529337
0.32961
0.129811
0.130355
0.23052
0.130802
0.281021
0.281204
0.731583
0.531597
0.332122
0.332452
0.732872
0.283145
0.284261
1.3347
0.134939
0.485827
0.786949
0.287315
0.488213
0.289479
0.289899
0.290319
0.291117
0.291537
0.242155
1.34252
0.293328
0.293748
0.294159
0.294672
0.294954
0.29532
0.295713
0.296016
0.296616
0.296964
0.297339
0.697885
0.298425
0.498572
0.298956
0.299502
0.300022
0.320357
0.320513
0.221413
0.321801
0.322056
0.322403
0.272417
0.322702
0.275263
0.325278
0.325446
0.326089
0.578118
0.728119
0.378132
0.678664
0.478678
0.328823
0.278837
0.579005
0.480567
0.330754
0.280768
0.281128
0.331366
0.332003
0.282231
0.332489
0.282504
0.332762
0.333044
0.233464
0.333629
0.583884
0.334157
0.484524
0.284779
0.535118
0.285386
0.3354
0.285559
0.336296
0.486845
0.33701
0.137548
0.337776
0.287951
0.588179
0.288537
0.288738
0.138984
0.539377
0.289587
0.289797
0.290154
0.2904
0.290703
0.391096
0.291297
0.541852
0.29292
0.293313
0.293652
0.294027
0.294663
0.295584
0.145986
0.29646
0.247804
0.34917
0.308281
0.317849
0.718143
0.320396
0.320894
0.67105
0.322011
0.322712
0.874603
0.326109
0.276124
0.326676
0.327024
0.277549
0.327882
0.328341
0.328533
0.329723
0.330125
0.230317
0.330678
0.680692
0.280851
0.680998
0.481418
0.331655
0.131955
0.28197
0.282414
0.13266
0.683056
0.283071
0.333302
0.333548
0.334131
0.134404
0.534668
0.485181
0.3354
0.285551
0.335565
0.28577
0.33619
0.486523
0.336538
0.136751
0.286943
0.337094
0.287108
0.537348
0.287495
0.537687
0.338074
0.53823
0.288431
0.288578
0.58877
0.339034
0.139403
0.139577
0.139805
0.690405
0.342346
0.692739
0.543717
0.294515
0.294917
0.396372
0.297116
0.298977
0.299952
0.312182
0.712197
0.312811
0.314473
0.317628
0.317784
0.318372
0.318849
0.318996
0.319587
0.319761
0.620572
0.570587
0.323667
0.323836
0.27385
0.324045
0.325619
0.325985
0.726195
0.326745
0.327
0.577531
0.327936
0.328266
0.328422
0.328743
0.32922
0.329421
0.329613
0.329805
0.329997
0.280198
0.330973
0.331729
0.331895
0.332069
0.332279
0.332438
0.732453
0.13263
0.332822
0.333059
0.333479
0.333635
0.333782
0.334023
0.734037
0.284304
0.484661
0.334871
0.335018
0.33521
0.335429
0.735603
0.535831
0.28605
0.136216
0.386558
0.537188
0.33738
0.137794
0.288393
0.338639
0.288795
0.539272
0.339593
0.289866
0.2907
0.541048
0.291495
0.291843
0.292245
0.292605
0.292771
0.34332
0.293494
0.444409
0.294766
0.295636
0.296695
0.297025
0.548027
0.548423
0.298687
0.299083
0.549248
0.299779
0.299962
0.310493
0.316596
0.518889
0.321594
0.37175
0.322414
0.723087
0.323252
0.32381
0.324134
0.276257
0.326612
0.276627
0.377164
0.527179
0.32747
0.127485
0.327752
0.327899
0.328091
0.328788
0.329278
0.329794
0.329941
0.330097
0.330262
0.330454
0.331
0.281014
0.331245
0.281656
0.332205
0.332601
0.333021
0.333232
0.283556
0.233571
0.783748
0.333931
0.734355
0.335024
0.535171
0.336314
0.286617
0.33675
0.286764
0.537292
0.137547
0.337694
0.338006
0.33827
0.338435
0.338654
0.288891
0.33923
0.33957
0.289816
0.290053
0.34029
0.340446
0.741077
0.291287
0.141461
0.341827
0.34201
0.342202
0.292376
0.342631
0.292886
0.143123
0.293351
0.29369
0.543927
0.294137
0.494659
0.994842
0.344989
0.295146
0.145512
0.295887
0.296151
0.296571
0.296772
0.147399
0.298701
0.299061
0.299565
0.299784
0.364161
0.365972
0.265986
0.570221
0.322327
0.322621
0.323422
0.823614
0.325666
0.326125
0.326588
0.327279
0.327649
0.277663
0.328344
0.278902
0.329049
0.329277
0.329929
0.330076
0.330472
0.330811
0.281093
0.331294
0.331495
0.331669
0.581843
0.132248
0.282263
0.532605
0.332842
0.232989
0.533684
0.483698
0.333911
0.284085
0.834464
0.584478
0.334682
0.334964
0.335378
0.335744
0.336087
0.286101
0.336287
0.536471
0.586717
0.336972
0.337227
0.337638
0.337821
0.288151
0.288316
0.188481
0.339211
0.289763
0.339991
0.340192
0.290887
0.341289
0.141937
0.292093
0.292459
0.342789
0.343071
0.293245
0.143575
0.343839
0.293995
0.294197
0.29459
0.144956
0.29513
0.295277
0.295616
0.345844
0.346072
0.346354
0.296582
0.496912
0.347077
0.29774
0.298529
0.248859
0.29981
0.465425
0.76544
0.323121
0.323599
0.324079
0.124094
0.324463
0.325114
0.325261
0.325426
0.375751
0.325765
0.326089
0.326245
0.326633
0.326954
0.32711
0.327338
0.327699
0.327891
0.328275
0.328494
0.328824
0.729224
0.679238
0.77946
0.329607
0.379845
0.330178
0.330397
0.28091
0.331334
0.33149
0.33226
0.732821
0.333094
0.33325
0.433392
0.283406
0.533815
0.633829
0.334069
0.334471
0.184823
0.334837
0.285831
0.33605
0.336381
0.136663
0.336855
0.337065
0.137257
0.337476
0.337672
0.287686
0.287881
0.288145
0.288529
0.338694
0.288967
0.139282
0.689483
0.289738
0.292342
0.293212
0.843614
0.344016
0.294937
0.295294
0.296416
0.296939
0.497359
0.247698
0.297863
0.598223
0.548388
0.298763
0.299036
0.299456
0.299921
0.314087
0.319199
0.319712
0.320845
0.321148
0.171559
0.322646
0.32282
0.322967
0.323123
0.324042
0.324724
0.274739
0.325416
0.325581
0.325728
0.325884
0.92604
0.326334
0.326481
0.326655
0.426811
0.327492
0.527666
0.327831
0.328125
0.328468
0.128482
0.278749
0.328977
0.329187
0.329388
0.329553
0.330996
0.581278
0.331419
0.281434
0.631692
0.331965
0.33246
0.282697
0.332862
0.333117
0.333264
0.333621
0.133822
0.634279
0.334661
0.284675
0.334888
0.335447
0.235675
0.335822
0.286327
0.237276
0.28729
0.438015
0.288216
0.538444
0.338699
0.338981
0.389389
0.339404
0.339581
0.289929
0.14025
0.290424
0.340718
0.140973
0.291255
0.291687
0.294057
0.294672
0.494945
0.295359
0.295542
0.595734
0.296136
0.346532
0.596769
0.297877
0.298225
0.348574
0.248994
0.299351
0.316242
0.319206
0.319398
0.320138
0.32134
0.321663
0.321837
0.32197
0.371984
0.622129
0.572143
0.372329
0.323304
0.323772
0.324151
0.324535
0.325232
0.975598
0.325745
0.325928
0.276435
0.32645
0.326636
0.276813
0.326828
0.328013
0.328187
0.328781
0.279045
0.329222
0.279237
0.329513
0.329714
0.32987
0.330089
0.280369
0.230383
0.580623
0.930788
0.481331
0.281686
0.3317
0.332123
0.332396
0.33267
0.582973
0.283129
0.333549
0.333768
0.134425
0.28444
0.334599
0.284759
0.134773
0.335355
0.285556
0.285958
0.336177
0.286501
0.286765
0.437047
0.287495
0.287637
0.337651
0.28802
0.288176
0.13856
0.289011
0.339275
0.289422
0.339704
0.289887
0.290052
0.540253
0.340583
0.590802
0.341012
0.291387
0.291561
0.141726
0.292162
0.64239
0.34338
0.293755
0.294508
0.994928
0.296212
0.147865
0.998573
0.299768
0.31652
0.518713
0.668727
0.319596
0.320851
0.321052
0.321529
0.622015
0.122148
0.322163
0.27243
0.322772
0.323168
0.323819
0.324997
0.325153
0.325639
0.3267
0.576892
0.327102
0.277619
0.328177
0.278432
0.328688
0.329
0.32942
0.329834
0.329981
0.280209
0.330365
0.330575
0.330785
0.381205
0.331584
0.331731
0.331914
0.332289
0.332571
0.283046
0.283835
0.584045
0.334366
0.334532
0.384964
0.335192
0.135348
0.485495
0.636333
0.28681
0.33723
0.637395
0.337605
0.288007
0.338382
0.288895
0.639426
0.5396
0.289846
0.290167
0.140413
0.191229
0.291604
0.293473
0.293821
0.244232
0.29483
0.29609
0.296411
0.296612
0.296858
0.247077
0.297242
0.297734
0.298145
0.549204
0.299741
0.526589
0.327234
0.627408
0.327555
0.327921
0.328323
0.32871
0.278725
0.279115
0.32913
0.329484
0.279499
0.52973
0.329958
0.330315
0.630498
0.630717
0.531083
0.631288
0.581302
0.331506
0.331863
0.3321
0.332328
0.282548
0.332815
0.13283
0.332989
0.283235
0.33349
0.333754
0.334276
0.334619
0.284633
0.334846
0.335029
0.185825
0.336209
0.336383
0.336665
0.336893
0.287241
0.53746
0.337625
0.338046
0.388328
0.338511
0.288689
0.338703
0.339117
0.289327
0.339528
0.339747
0.33993
0.640122
0.340335
0.29035
0.140773
0.341067
0.64183
0.342373
0.292529
0.592698
0.792712
0.442898
0.343291
0.643615
0.293981
0.344183
0.294576
0.294795
0.295243
0.795435
0.295609
0.645846
0.296364
0.296574
0.496739
0.147171
0.297573
0.297984
0.298362
0.298563
0.298782
0.299064
0.249337
0.299484
0.799739
0.599931
0.35261
0.370803
0.170804
0.320818
0.321962
0.322595
0.32276
0.523432
0.324507
0.874891
0.325047
0.325194
0.675711
0.525725
0.576406
0.326754
0.527036
0.327925
0.12794
0.328135
0.628375
0.77839
0.328549
0.328795
0.328978
0.329143
0.829401
0.629416
0.329674
0.330094
0.330415
0.33067
0.331232
0.281442
0.332141
0.332516
0.332736
0.332964
0.38312
0.333462
0.233477
0.333699
0.134567
0.334714
0.335185
0.335332
0.635482
0.535497
0.385902
0.336148
0.436679
0.836839
0.586853
0.287039
0.337351
0.337955
0.78812
0.288619
0.338633
0.339308
0.339527
0.339774
0.140167
0.140578
0.590761
0.341112
0.141475
0.29149
0.642675
0.342885
0.343296
0.0934519
0.493707
0.64389
1.14412
0.294493
0.294905
0.295079
0.295253
0.345601
0.295757
0.295985
0.296168
0.296844
0.297231
0.797387
0.497543
0.298115
0.298317
0.298509
0.299089
0.299281
0.299464
0.299629
0.300052
0.819189
0.319843
0.320356
0.320858
0.321179
0.32174
0.272407
0.322755
0.322911
0.32395
0.273965
0.625844
0.575858
0.326116
0.327379
0.327691
0.628048
0.328772
0.328923
0.278937
0.329345
0.329546
0.27973
0.329961
0.279976
0.330327
0.430519
0.330675
0.281086
0.331437
0.331978
0.33235
0.282364
0.332781
0.632946
0.333495
0.333759
0.533942
0.334116
0.33429
0.334491
0.334741
0.134755
0.284932
0.535301
0.335533
0.285547
0.335796
0.636025
0.336538
0.536694
0.386871
0.186886
0.33722
0.337421
0.337604
0.33814
0.638485
0.7885
0.789038
0.639052
0.539211
0.34036
0.441026
0.291308
0.2915
0.341719
0.142063
0.292076
0.29237
0.142521
0.292535
0.292766
0.343087
0.293253
0.293508
0.593847
0.294252
0.644645
0.594846
0.295128
0.445383
0.295566
0.29601
0.146025
0.296433
0.296745
0.796904
0.596919
0.297159
0.347306
0.347663
0.298041
0.248233
0.298407
0.348773
0.298965
0.299377
0.349542
0.299734
0.249998
0.505087
0.315324
0.315639
0.265654
0.315831
0.320803
0.322611
0.322803
0.323628
0.324114
0.374625
0.524639
0.324825
0.325293
0.626108
0.576123
0.326606
0.276621
0.326957
0.327461
0.57783
0.627845
0.328067
0.278209
0.328223
0.378391
0.328712
0.279073
0.329087
0.279571
0.329781
0.329991
0.280133
0.330147
0.530958
0.330972
0.331344
0.281746
0.33201
0.332188
0.282202
0.33247
0.282707
0.332899
0.333055
0.333456
0.133457
0.28347
0.533866
0.534208
0.334748
0.285021
0.285231
0.335486
0.335628
0.185642
0.285819
0.286029
0.286302
0.336494
0.63665
0.336851
0.587394
0.337787
0.138006
0.288976
0.289123
0.0894886
0.289858
0.440113
0.29026
0.640671
0.290836
0.29101
0.141175
0.291457
0.291868
0.342162
0.292345
0.242723
0.29287
0.293107
0.293752
0.444163
0.29488
0.296867
0.297104
0.797437
0.34762
0.297768
0.298179
0.648398
0.298773
0.299193
0.337686
0.287688
0.137701
0.637863
0.587878
0.338439
0.338653
0.288667
0.338826
0.839003
0.439018
0.339285
0.389441
0.339642
0.339888
0.340107
0.390651
0.34099
0.291209
0.542218
0.342702
0.643052
0.345333
0.345511
0.295525
0.345697
0.295698
0.145711
0.346047
0.296248
0.6466
0.596615
0.646786
0.596801
0.297236
0.347485
0.2975
0.597713
0.448038
0.498052
0.298238
0.348595
0.348877
0.34922
0.299234
0.349492
0.349858
0.350059
0.368487
0.318502
0.369031
0.319033
0.169045
0.669289
0.619303
0.371325
0.321339
0.171748
0.321763
0.372309
0.322324
0.572678
0.522693
0.623818
0.37417
0.324184
0.375365
0.325379
0.325739
0.576348
0.526362
0.377723
0.327737
0.327995
0.3782
0.328214
0.179206
0.32922
0.379365
0.32938
0.329602
0.579833
0.529848
0.330124
0.330673
0.130688
0.330874
0.381238
0.331252
0.281415
0.381429
0.331816
0.331999
0.332254
0.332503
0.282518
0.333272
0.33686
0.136874
0.339075
0.339848
0.139862
0.34004
0.341304
0.841496
0.191664
0.341679
0.341901
0.642102
0.342384
0.342549
0.54296
0.193197
0.343407
0.343675
0.143689
0.344008
0.144022
0.344181
0.844515
0.644529
0.844809
0.594823
0.345009
0.345165
0.345585
0.345741
0.34608
0.346344
0.346729
0.346993
0.347203
0.34735
0.34756
0.647797
0.647944
0.348131
0.298145
0.298358
0.348751
0.46325
0.567618
0.317952
0.376516
0.32653
0.327188
0.277202
0.677347
0.627361
0.38042
0.330435
0.481693
0.631852
0.581867
0.382089
0.482431
0.632446
0.28336
0.183375
0.183564
0.333579
0.33376
0.433774
0.383927
0.333942
0.334243
0.284257
0.184419
0.334434
0.634944
0.834959
0.335682
0.336322
0.286336
0.336717
0.337092
0.337485
0.288319
0.338466
0.338767
0.288782
0.339334
0.339499
0.339682
0.339937
0.340174
0.540405
0.64042
0.340678
0.340942
0.341308
0.591522
0.641536
0.391695
0.341887
0.292275
0.342289
0.342667
0.343037
0.293051
0.343331
0.293345
0.343585
0.343915
0.34408
0.344231
0.294245
0.34454
0.344714
0.345017
0.345239
0.295254
0.34547
0.295485
0.346235
0.546418
0.346559
0.296574
0.347018
0.297228
0.347571
0.297585
0.34778
0.348167
0.649635
0.3498
0.349983
0.357778
0.362516
0.366323
0.366801
0.322259
0.372273
0.373268
0.323282
0.373944
0.173945
0.323959
0.374139
0.324154
0.374298
0.324313
0.574806
0.67482
0.675018
0.625033
0.825195
0.62521
0.375418
0.17542
0.325432
0.375667
0.325681
0.375916
0.17593
0.627324
0.827325
0.577338
0.277519
0.0775332
0.177956
0.328779
0.278793
0.379112
0.329126
0.629664
0.529678
0.629928
0.530497
0.330662
0.180875
0.38089
0.331139
0.331532
0.331865
0.332378
0.332525
0.332771
0.183182
0.33335
0.383365
0.533524
0.33368
0.333863
0.334184
0.334496
0.334715
0.33525
0.335661
0.336245
0.336401
0.336584
0.336813
0.187182
0.337485
0.288204
0.338219
0.338405
0.338825
0.339026
0.239173
0.339585
0.339759
0.640014
0.340437
0.340611
0.341168
0.341333
0.341525
0.341667
0.291681
0.541894
0.342308
0.792473
0.342756
0.342966
0.343341
2.09353
1.99353
2.14354
2.09371
2.14372
1.99373
0.293872
0.243887
0.344416
0.794563
0.144959
0.145302
0.295316
0.345658
0.345886
0.346434
0.346816
0.14683
0.297079
0.447226
0.34813
0.348897
0.299107
0.449263
0.299482
0.0998074
0.0999544
0.120159
0.520932
0.321748
0.322096
0.322792
0.323821
0.323968
0.374373
0.328047
0.329009
0.329183
0.329585
0.629936
0.479951
0.330141
0.280155
0.330332
0.630587
0.330965
0.331121
0.331938
0.332206
0.332443
0.332809
0.333019
0.333194
0.333729
0.334543
0.3349
0.335047
0.186218
0.336383
0.387089
0.337103
0.33747
0.287484
0.33788
0.338255
0.338795
0.338987
0.339344
0.539668
0.340061
0.490381
0.440395
0.340689
0.340899
0.341166
0.291181
0.441532
0.341871
0.342288
0.392303
0.642663
0.34285
0.292864
0.343287
0.64356
0.343779
0.343926
0.344274
0.344439
0.344769
0.344902
0.294916
0.645093
0.345555
0.245969
0.19617
0.146353
0.146866
0.147232
0.147946
0.348712
0.148726
0.298912
0.49914
0.599369
0.349783
0.300056
0.570267
0.520268
0.720281
0.370879
0.320893
0.62126
0.671274
0.171957
0.321971
0.322134
0.172148
0.322538
0.173055
0.32307
0.373754
0.173769
0.173985
0.324
0.174181
0.324195
0.325042
0.275056
0.325416
0.326245
0.626482
0.376624
0.326638
0.327199
0.277488
0.227502
0.328
0.328325
0.178339
0.328727
0.378901
0.279048
0.32918
0.279195
0.329711
0.330251
0.630506
0.330671
0.380939
0.330953
0.68149
0.531505
0.331877
0.381892
0.532081
0.682096
0.332363
0.53251
0.333238
0.333421
0.183617
0.333631
0.183893
0.333907
0.335122
0.585807
0.635821
0.636052
0.336427
0.336839
0.337112
0.337259
0.337442
0.337661
0.338495
0.338651
0.338883
0.138897
0.339164
0.189428
0.63962
0.339821
0.339986
0.29037
0.340607
0.290772
0.341027
0.341438
0.341652
0.291653
0.141666
0.341961
0.342126
0.342839
0.343186
0.643318
0.593333
0.543591
0.343963
0.293977
0.344367
0.294779
0.344975
0.144989
0.295229
0.195559
0.245715
0.345889
0.247273
0.297465
0.347831
0.29865
0.598824
0.149034
0.299244
0.2994
0.599628
0.299776
0.313257
0.163259
0.263272
0.313458
0.313783
0.314835
0.317143
0.36866
0.520034
0.321014
0.321389
0.672069
0.122997
0.223011
0.323576
0.324551
0.324912
0.224926
0.17534
0.32571
0.627365
0.327672
0.328011
0.328484
0.329861
0.330483
0.180869
0.331435
0.581636
0.331855
0.332233
0.28293
0.383081
0.333095
0.333282
0.333546
0.334059
0.534287
0.334689
0.334845
0.335001
0.335133
0.285148
0.335508
0.33564
0.285655
0.335895
0.136055
0.286069
0.336639
0.536831
0.637068
0.63721
0.537224
0.337602
0.337767
0.387959
0.338275
0.33859
0.338792
0.339134
0.289149
0.139308
0.339482
0.339683
0.639947
0.340112
0.140924
0.341237
0.291501
0.341729
0.342044
0.142059
0.142353
0.242755
0.242965
0.24367
0.344045
0.344447
0.344804
0.644955
0.544956
0.494969
0.345146
0.29541
0.295683
0.345875
0.296032
0.296305
0.246533
0.346911
0.297334
0.297616
0.297835
0.24824
0.348255
0.248468
0.298852
0.149263
0.349647
0.299977
0.169684
0.369699
0.320631
0.323878
0.373888
0.175141
0.325155
0.325341
0.325904
0.526243
0.326604
0.476618
0.377101
0.378154
0.478169
0.328427
0.328784
0.329991
0.330351
0.330507
0.380873
0.331056
0.581302
0.331655
0.331937
0.332201
0.53242
0.332723
0.332996
0.333269
0.333666
0.633903
0.334287
0.334524
0.334752
0.334953
0.335475
0.335841
0.335997
0.336552
0.586726
0.336909
0.287137
0.337539
0.33774
0.637888
0.188053
0.338404
0.338641
0.238824
0.33907
0.339316
0.339562
0.389955
0.340129
0.140549
0.540723
0.340933
0.341197
0.641407
0.441813
0.791827
0.342178
0.292379
0.14279
0.292991
0.293348
0.544578
0.245643
0.346048
0.34637
0.346652
0.348233
0.148626
0.349397
0.314542
0.61599
0.316912
0.517797
0.270693
0.322335
0.322737
0.623031
0.323178
0.324466
0.374911
0.324925
0.325451
0.275793
0.326195
0.326712
0.327863
0.378525
0.329068
0.829612
0.579626
0.330124
0.630445
0.330682
0.331154
0.331493
0.431649
0.331814
0.332187
0.132201
0.432364
0.232378
0.332893
0.382908
0.333379
0.333553
0.433727
0.334426
0.334582
0.484915
0.334917
0.53493
0.535197
0.535746
0.335902
0.336094
0.336451
0.236937
0.337357
0.337504
0.237651
0.637843
0.438203
0.438404
0.388587
0.338833
0.338989
0.339163
0.339574
0.289917
0.340049
0.140064
0.140259
0.340433
0.341214
0.341433
0.342124
0.242445
0.142704
0.292718
0.343141
0.343552
0.343864
0.444266
0.644578
0.344725
0.344899
0.445223
0.245397
0.0457664
0.596021
0.146301
0.346315
0.546475
0.296898
0.297273
0.347528
0.147822
0.298218
0.148233
0.148387
0.298401
0.348899
0.149073
0.449367
0.299514
0.349751
0.349997
0.365923
0.0690213
0.269035
0.169212
0.319492
0.169506
0.619822
0.320384
0.524236
0.374919
0.325075
0.326905
0.377408
0.327423
0.327576
0.377591
0.32775
0.328284
0.628632
0.328996
0.129011
0.329527
0.329692
0.37995
0.329965
0.330142
0.330505
0.331012
0.281417
0.331681
0.18194
0.331954
0.332239
0.332554
0.382947
0.33334
0.333761
0.334163
0.334502
0.334649
0.334904
0.33506
0.335243
0.285525
0.336014
0.336278
0.336479
0.386992
0.337139
0.637389
0.787403
0.337625
0.287941
0.337955
0.338123
0.339516
0.339708
0.6399
0.0901502
0.340164
0.340597
0.340999
0.341218
0.341428
0.591779
0.791794
0.341998
0.342271
0.342535
0.642957
0.592972
0.543221
0.343533
0.59368
0.543962
0.344301
0.344721
0.344976
0.64524
0.295522
0.295777
0.596161
0.396416
0.29659
0.296809
0.547157
0.347322
0.347523
0.147671
0.147944
0.748091
0.348355
0.348637
0.148874
0.649814
0.524356
0.375745
0.42712
0.627134
0.827605
0.627752
0.579193
0.329439
0.479671
0.529686
0.32989
0.630256
0.380769
0.131794
0.332298
0.282737
0.583043
0.333199
0.633538
0.334059
0.534251
0.134479
0.134626
0.335325
0.135517
0.586936
0.137566
0.338268
0.13998
0.04067
0.440811
0.590826
0.491525
0.141828
0.0428983
0.343228
0.343774
0.794432
0.344954
0.145336
0.34535
0.345741
0.345888
0.346071
0.596218
0.346962
0.647373
0.547637
0.147847
0.158568
0.514808
0.366404
0.466837
0.468504
0.168953
0.368967
0.27154
0.371817
0.37212
0.372276
0.27294
0.523793
0.374296
0.324774
0.375244
0.826843
0.37699
0.377653
0.378288
0.528684
0.379077
0.279269
0.329515
0.579921
0.630077
0.380224
0.180599
0.180831
0.380845
0.53113
0.581791
0.332178
0.382325
0.382851
0.332865
0.333261
0.383591
0.283997
0.384144
0.284336
0.384546
0.535105
0.385462
0.336595
0.136769
0.387042
0.387279
0.287516
0.338047
0.388248
0.588395
0.638725
0.339505
0.339742
0.790135
0.340291
0.340447
0.14087
0.0410983
0.44177
0.343844
0.294118
0.34443
0.794613
0.344814
0.795156
0.645699
0.395891
0.346101
0.346266
0.396431
0.346737
0.346893
0.597419
0.447692
0.347902
0.348232
0.348598
0.34879
0.35001
0.359197
0.378072
0.378665
0.379013
0.37916
0.379325
0.379985
0.380132
0.380675
0.63108
0.381308
0.381748
0.331762
0.382444
0.382636
0.382783
0.383149
0.383314
0.383791
0.384389
0.384755
0.384941
0.134956
0.385307
0.38544
0.335454
0.385616
0.335631
0.38588
0.386027
0.436601
0.686989
0.388271
0.138285
0.388556
0.33857
0.388756
0.38965
0.339665
0.389869
0.390226
0.390427
0.390604
0.140619
0.490787
0.390988
0.39139
0.392009
0.642183
0.392357
0.643399
0.143787
0.343801
0.543973
0.343987
0.644323
0.394587
0.59486
0.645545
0.396176
0.446191
0.396335
0.346337
0.14635
0.346711
0.297351
0.34757
0.347932
0.147947
0.348314
0.298328
0.3985
0.348514
0.148847
0.349252
0.399403
0.349417
0.349711
0.416312
0.370263
0.670798
0.371177
0.62136
0.321534
0.372
0.322014
0.172186
0.3722
0.522377
0.0727832
0.373558
0.523736
0.57375
0.523918
0.374394
0.324409
0.374961
0.375752
0.376154
0.377484
0.377795
0.327809
0.37799
0.328004
0.378516
0.32853
0.379776
0.379936
0.32995
0.380181
0.830364
0.380725
0.330739
0.181268
0.381282
0.0815225
0.382179
0.38232
0.382995
0.33301
0.383508
0.333718
0.38424
0.384762
0.385017
0.38515
0.335164
0.385563
0.38575
0.335764
0.0859682
0.386587
0.336851
0.387061
0.387244
0.637395
0.587396
0.787409
0.337794
0.387808
0.388956
0.439483
0.539822
0.390086
0.640296
0.34069
0.390846
0.391536
0.391695
0.29171
0.392376
0.442577
0.392929
0.342943
0.343129
0.393334
0.343348
0.393672
0.493952
0.343966
0.344125
0.144371
0.444956
0.34513
0.345349
0.345514
0.345925
0.34609
0.546304
0.646318
0.346486
0.346741
0.346969
0.347291
0.347492
0.348028
0.59822
0.398625
0.34864
0.348853
0.349009
0.349192
0.350034
0.612902
0.418096
0.36811
0.168443
0.368916
0.321711
0.378449
0.378988
0.179002
0.379188
0.380192
0.380357
0.380513
0.381562
0.381955
0.382111
0.334052
0.434066
0.384492
0.384712
0.384922
0.38515
0.635378
0.385606
0.385843
0.336116
0.636484
0.386649
0.386796
0.387199
0.387376
0.337391
0.338098
0.38833
0.138344
0.389674
0.540068
0.390219
0.340233
0.390428
0.540651
0.690665
0.640869
0.441016
0.341385
0.341536
0.391551
0.341728
0.392395
0.343197
0.493211
0.343598
0.593826
0.144129
0.144561
0.144785
0.0447981
0.395074
0.14527
0.345284
0.595578
0.345779
0.34598
0.346385
0.346622
0.34685
0.347015
0.347252
0.0480955
0.398444
0.149014
0.149521
0.64974
0.150164
0.369598
0.374311
0.374485
0.375025
0.575403
0.0758169
0.576375
0.376915
0.377335
0.377683
0.377965
0.37822
0.178631
0.378787
0.179
0.37921
0.429576
0.37975
0.380126
0.630357
0.730372
0.431103
0.331343
0.281358
0.381502
0.331517
0.381748
0.381952
0.581967
0.83221
0.782225
0.582543
0.38302
0.383422
0.383833
0.384079
0.184271
0.18444
0.384454
0.384622
0.634832
0.585252
0.585658
0.135672
0.635849
0.686063
0.536077
0.386308
0.386495
0.33651
0.336804
0.387014
0.387416
0.387665
0.33768
0.387848
0.338232
0.638442
0.638754
0.388955
0.389165
0.389522
0.589933
0.390116
0.14038
0.340572
0.340947
0.641112
0.341505
0.39167
0.392461
0.343122
0.343368
0.143773
0.34393
0.344287
0.294647
0.594878
0.144893
0.346024
0.596531
0.597065
0.347347
0.347494
0.347668
0.397824
0.348127
0.348319
0.348511
0.348694
0.348859
0.0992643
0.349603
0.350193
0.355619
0.356923
0.358743
0.371729
0.372416
0.372563
0.422728
0.372893
0.373214
0.373709
0.375309
0.375669
0.425834
0.376284
0.376641
0.377247
0.427758
0.177772
0.378765
0.37939
0.330099
0.380642
0.380981
0.381521
0.731908
0.382073
0.53245
0.382753
0.433852
0.383867
0.334518
0.384533
0.384701
0.385022
0.385452
0.636224
0.33663
0.436631
0.386644
0.38719
0.437551
0.387565
0.387719
0.337733
0.387973
0.388462
0.388862
0.338876
0.389138
0.439152
0.339714
0.340137
0.390395
0.34041
0.390833
0.341079
0.34128
0.0422888
0.342571
0.392799
0.394339
0.34448
0.394495
0.39493
0.345836
0.346028
0.596424
0.0466343
0.346808
0.397147
0.347312
0.347481
0.147496
0.548246
0.498261
0.148657
0.399014
0.649233
0.149653
0.367334
0.417335
0.317348
0.368197
0.419422
0.369436
0.420713
0.171038
0.371052
0.821542
0.671917
0.622145
0.172511
0.622643
0.372645
0.322658
0.323072
0.173441
0.373456
0.173966
0.373981
0.374332
0.374528
0.174542
0.374737
0.375118
0.325133
0.375328
0.425853
0.375868
0.376375
0.376879
0.377089
0.377272
0.177432
0.377446
0.427876
0.37789
0.0780855
0.378269
0.378533
0.378797
0.379016
0.379208
0.379577
0.0799427
0.380162
0.830345
0.830609
0.381006
0.33102
0.38121
0.331224
0.382021
0.382405
0.382588
0.382852
0.38308
0.183432
0.383446
0.833756
0.63377
0.184019
0.384317
0.334331
0.38449
0.384695
0.334709
0.385033
0.385436
0.385718
0.385874
0.386048
0.386213
0.386546
0.636732
0.686747
0.337134
0.337344
0.587898
0.338162
0.338417
0.338837
0.389215
0.589452
0.539693
0.589707
0.340001
0.140148
0.390469
0.341
0.341219
0.341621
0.342041
0.342269
0.692435
0.342681
0.593299
0.143722
0.343905
0.344325
0.694499
0.194673
0.344865
0.345168
0.345315
0.695516
0.345681
0.145945
0.396218
0.146401
0.346794
0.347163
0.597328
0.34767
0.348063
0.348219
0.348483
0.348903
0.349224
0.350023
0.368369
0.370969
0.571648
0.622453
0.374483
0.375361
0.375734
0.327099
0.377264
0.378288
0.378453
0.579419
0.379779
0.38046
0.73062
0.380635
0.381347
0.381716
0.382707
0.383127
0.733274
0.383506
0.33352
0.383893
0.333907
0.384294
0.334685
0.284699
0.534867
0.735414
0.335428
0.385695
0.386391
0.386538
0.336851
0.036983
0.336998
0.337202
0.387358
0.3877
0.337892
0.388039
0.388577
0.338592
0.0393469
0.689707
0.0404681
0.590678
0.140825
0.141257
0.14144
0.741779
0.591953
0.142118
0.393039
0.39324
0.393615
0.743763
0.343904
0.143919
0.344132
0.344279
0.544627
0.694828
0.295074
0.345818
0.346055
0.146958
0.347222
0.347459
0.347651
0.0480531
0.34829
0.348839
0.349788
0.364485
0.714962
0.365256
0.366925
0.170576
0.373008
0.423149
0.573151
0.373164
0.37347
0.373791
0.374635
0.77465
0.375223
0.375487
0.726574
0.826588
0.176805
0.776819
0.627041
0.37726
0.527474
0.577489
0.377705
0.17772
0.377924
0.328125
0.378407
0.628563
0.378951
0.428965
0.829178
0.379352
0.429731
0.379745
0.380252
0.380435
0.430577
0.380591
0.381161
0.331317
0.381713
0.381986
0.382268
0.38246
0.382661
0.38288
0.783388
0.383389
0.333402
0.383561
0.38393
0.484535
0.584772
0.685027
0.385439
0.0858406
0.586105
0.386306
0.38669
0.336873
0.33732
0.337863
0.588032
0.688046
0.688743
0.388953
0.789109
0.139319
0.789592
0.389766
0.339985
0.140405
0.340552
0.690892
0.34124
0.691477
0.691864
0.442047
0.142257
0.69265
0.392806
0.343361
0.793745
0.344966
0.395386
0.395689
0.346082
0.346817
0.147237
0.347714
0.347888
0.598254
0.348845
0.566211
0.378109
0.429151
0.479153
0.829166
0.579673
0.380381
0.38076
0.330774
0.331152
0.731299
0.381701
0.582335
0.382714
0.132728
0.383599
0.383867
0.333881
0.384094
0.384259
0.384425
0.384635
0.384845
0.385452
0.385821
0.335836
0.386094
0.686556
0.636571
0.38673
0.38694
0.637144
0.687159
0.387372
0.387532
0.388092
0.538609
0.389089
0.139103
0.389436
0.389895
0.390091
0.340105
0.390399
0.390765
0.391149
0.391413
0.591591
0.341605
0.392581
0.342596
0.393148
0.393541
0.343751
0.393952
0.394805
0.344819
0.39521
0.145224
0.395557
0.395708
0.396281
0.346295
0.396725
0.296739
0.447033
0.397385
0.147399
0.697553
0.647567
0.698513
0.698732
0.399138
0.349152
0.399329
0.349476
0.499704
0.399855
0.34987
0.351211
0.351983
0.363431
0.416875
0.366889
0.0711279
0.371435
0.0724081
0.174076
0.374362
0.624834
0.574849
0.0750076
0.175254
0.375674
0.175878
0.4274
0.377415
0.177637
0.677802
0.427976
0.378301
0.178315
0.378528
0.378792
0.378993
0.379194
0.0794313
0.379854
0.380218
0.380374
0.380575
0.380887
0.381844
0.182013
0.382027
0.282544
0.382721
0.132736
0.382895
0.683228
0.733243
0.383501
0.383747
0.383921
0.734089
0.634104
0.384326
0.434638
0.435049
0.385191
0.435205
0.385409
0.335742
0.385934
0.386153
0.586349
0.836363
0.386648
0.687005
0.387174
0.337188
0.387428
0.38771
0.388068
0.388305
0.388617
0.388764
0.38892
0.589334
0.689598
0.390048
0.340276
0.340423
0.390825
0.341071
0.391492
0.391867
0.342059
0.59241
0.393306
0.34357
0.843766
0.59378
0.344313
0.344727
0.645605
0.34578
0.345972
0.146119
0.346995
0.347178
0.397721
0.397886
0.348372
0.348738
0.09893
0.899797
0.921081
0.371569
0.672406
0.372964
0.373276
0.374496
0.675033
0.475034
0.725048
0.375297
0.375816
0.176168
0.376182
0.377151
0.327166
0.377682
0.428025
0.378235
0.378577
0.429378
0.379561
0.380598
0.380943
0.38134
0.381879
0.382202
0.382535
0.382854
0.332869
0.383682
0.384369
0.384538
0.284552
0.384828
0.385011
0.135431
0.385782
0.386141
0.386297
0.386997
0.337162
0.387429
0.437444
0.387661
0.137675
0.388012
0.138026
0.388587
0.388855
0.338869
0.389242
0.139256
0.38961
0.389865
0.390066
0.39024
0.39092
0.391455
0.341469
0.391646
0.341812
0.391986
0.342406
0.39258
0.542946
0.393549
0.693927
0.144287
0.144485
0.0444968
0.0449048
0.645097
0.59528
0.595614
0.945628
0.595904
0.046123
0.396405
0.0467441
1.04698
0.447209
0.497365
1.04776
0.598002
0.548016
0.398193
0.398412
0.348805
0.0489883
0.0491444
0.599567
0.399768
0.169298
0.369978
0.420435
0.37045
0.371161
0.62132
0.721335
0.371809
0.171824
1.1722
1.0722
0.9722
0.272211
0.422445
0.37246
0.372623
0.172637
0.372805
0.373171
0.373495
0.374372
0.374618
0.725002
0.375765
0.52598
0.575994
0.576534
0.376549
0.377843
0.378245
0.37841
0.179082
0.379292
0.379484
0.379844
0.380081
0.380402
0.380576
0.43079
0.380804
0.381173
0.381566
0.331708
0.281722
0.682073
0.733257
0.683272
0.383449
0.383815
0.384148
0.384556
0.334571
0.384811
0.685066
0.385258
0.385414
0.385651
0.385825
0.386008
0.38653
0.386677
0.387082
0.387247
0.387613
0.337769
0.588072
0.3883
0.188505
0.388519
0.388899
0.439103
0.389118
0.339322
0.389568
0.389715
0.33997
0.390117
0.390813
0.391215
0.341443
0.39162
0.341635
0.591884
0.142031
0.692286
0.292478
0.492625
0.142772
0.693192
0.393339
0.393504
0.343759
0.393969
0.694152
0.294608
0.594975
0.295248
0.345413
0.347201
0.347918
0.398338
0.348758
0.349661
0.400178
0.354773
0.367688
0.373268
0.374076
0.375709
0.377296
0.377621
0.327635
0.380465
0.381547
0.181561
1.03194
0.382282
0.432456
0.382657
0.383
0.133014
0.383218
0.383632
0.383798
0.384347
0.184521
0.584731
0.385061
0.385274
0.335289
0.38552
0.38576
0.435762
0.335775
0.386097
0.136112
0.386436
0.18665
0.386664
0.38722
0.337234
0.387411
0.387754
0.387946
0.688102
0.388267
0.738744
0.688745
0.988758
0.338984
0.388986
0.138998
0.389157
0.639554
0.589568
0.389835
0.390228
0.390394
0.390898
0.191081
0.391438
0.391625
0.341639
0.391802
0.341816
0.391993
0.392528
0.392848
0.393013
0.393418
0.394069
0.394522
0.344536
0.394722
0.394977
0.395646
0.645833
1.04585
0.396178
0.346193
0.396616
0.346973
0.0472367
0.397405
0.44742
0.697654
0.647669
0.347894
0.397909
0.148077
0.0484788
0.0486438
0.648989
0.699004
0.399565
0.361624
0.569393
0.619407
0.420042
0.370056
0.370309
0.170323
0.370965
0.521112
0.371582
0.372424
0.173234
0.373249
0.0737378
0.174146
0.374161
0.374476
0.375002
0.275003
0.325016
0.625394
0.327637
0.677779
0.627793
0.37812
0.628262
0.578276
0.378543
0.428762
0.379323
0.379515
0.0798093
0.379956
0.38013
0.380551
1.08078
0.630797
0.381082
0.382745
0.332759
0.382958
0.332972
0.183461
0.733644
0.383791
0.383983
0.084193
0.38434
0.384715
0.384848
0.334862
1.08521
0.385739
0.335753
0.385916
0.33593
0.386353
0.386486
0.3365
0.186828
0.386842
0.387037
0.587233
0.537247
0.387473
0.187488
0.337731
0.387746
0.388062
0.388308
0.388536
0.838905
0.389115
0.389307
0.339544
0.3897
1.03983
0.739847
0.390229
0.340243
0.540675
0.391776
0.392187
0.392428
0.342442
0.142779
0.342793
0.29333
0.393522
0.343732
0.343907
0.344081
0.394435
0.34445
0.345125
0.345299
0.345446
0.34562
0.695839
0.146379
0.346535
0.346745
0.696955
0.147174
1.04734
0.697357
0.397642
0.497789
0.348003
0.448017
0.348311
0.698704
0.349064
0.399412
0.34964
0.350051
0.369721
0.119868
0.372275
0.372458
0.374433
0.374616
0.374826
0.375335
0.375629
0.625977
0.378021
0.378612
0.378898
0.379058
0.329072
0.379917
0.381025
0.331039
1.0819
0.681917
0.382211
0.732439
0.382979
0.183144
0.383309
0.383442
0.333456
0.383873
0.334221
0.734414
0.384789
0.385044
0.385227
0.385863
0.135878
0.386311
0.388434
0.389154
0.389332
0.139346
0.390021
0.390708
0.390891
0.392407
0.342421
0.392737
0.392986
0.343316
0.393508
0.393655
0.394042
0.344237
0.144252
0.394915
0.345317
0.39589
0.396256
0.396617
0.346631
0.646794
0.596808
0.347168
0.347582
0.148302
0.698957
0.448971
0.349599
0.349746
0.69992
0.157694
0.360092
0.0632234
0.614429
0.0645847
0.366082
0.36695
0.368983
0.369139
0.474954
0.174956
0.374969
0.325311
0.0757308
0.375878
0.676247
0.726262
0.176439
0.0766669
0.377355
0.377658
0.177673
0.378195
0.0787022
0.0790503
0.379215
0.379617
0.379911
0.430281
0.180283
0.380295
0.381164
0.381429
0.281648
0.38205
0.0823176
0.282332
0.38259
0.732731
0.682746
0.38295
0.383187
0.183355
0.38337
0.38361
0.633775
0.384127
0.334141
0.334336
0.184724
0.384738
0.384915
0.835161
0.185344
0.335714
0.285728
0.38595
0.386119
0.336133
0.33635
0.386364
0.686658
0.386904
0.387105
0.387418
0.38761
0.387757
0.388114
0.388306
0.638519
0.688534
0.388678
0.338693
0.388874
0.338888
0.38932
0.339584
1.03985
1.04007
0.690085
0.390244
0.640667
0.390979
0.391261
0.391457
0.141471
0.391684
0.342215
0.342443
0.692599
0.493094
0.393514
0.343916
0.144328
0.694547
0.394793
0.595159
0.345423
0.345606
0.595945
0.3462
0.346356
0.146602
0.39695
0.347382
0.347601
1.39793
0.348297
0.348471
0.749296
0.349698
0.317314
0.369517
0.370641
0.620797
0.371671
0.373132
0.374073
0.374247
0.374632
0.425136
0.375373
0.37708
0.377263
0.377633
0.327647
0.378002
0.378323
0.578809
0.380958
0.381378
0.381534
0.382123
0.382425
0.332439
0.332629
0.382643
0.383021
0.333213
0.384083
0.33423
0.385837
0.336229
0.386733
0.036952
0.387759
0.337774
0.387933
1.4383
0.388978
0.639371
0.389635
0.389791
0.389947
0.390263
0.340277
0.490673
0.391076
0.391433
0.441598
0.291745
0.342102
0.392294
0.342711
0.392726
0.393107
0.343122
0.393548
0.39383
0.0442319
0.395217
0.396021
0.0463601
0.697215
0.397362
0.347644
0.34784
0.147854
0.698371
0.348785
0.348972
0.398986
0.399356
0.349593
0.599896
0.0692604
0.369434
0.369581
0.370095
0.370488
0.721247
0.671262
0.721694
0.372394
0.173415
0.373688
0.373866
0.423867
0.17388
0.62452
0.824534
0.32493
0.725095
0.375269
0.375402
0.375786
0.376311
0.376467
0.926632
0.427339
0.177576
0.377996
0.078628
0.778641
0.378836
0.3791
0.179439
0.379832
0.680225
0.380498
0.430712
0.330726
0.381095
0.381323
0.182053
0.3822
0.382494
0.383064
0.383478
0.383689
0.384055
0.184328
0.384676
0.384841
0.0849822
0.334997
0.385177
0.335192
0.385477
0.386327
0.386546
0.437095
0.387461
0.387716
0.387899
1.18809
0.388283
0.33852
0.388949
0.38955
0.339706
0.190076
0.390322
0.740541
0.590772
0.540787
0.391054
0.591327
0.3416
0.0919748
0.642158
0.342422
0.342695
0.393202
1.04376
0.693775
0.493961
0.344307
0.144321
0.844733
0.594747
0.595252
0.14564
0.345654
0.346206
0.646554
0.0969233
1.04707
0.347235
0.397655
0.34803
0.348441
0.348607
0.348763
0.59891
0.349147
0.349531
0.349804
0.35018
0.357146
0.361038
0.362044
0.364542
0.170168
0.370169
0.420182
0.371786
0.371955
0.421969
0.172132
0.372147
0.372324
0.373073
0.373567
0.423581
0.328209
0.278224
0.379375
0.379804
0.380152
0.380353
0.380723
0.380951
0.681326
0.381692
0.381848
0.382013
0.382929
0.383157
0.333313
0.383883
0.384066
0.38466
0.334817
1.03498
0.385663
0.386402
0.38764
0.387943
0.388331
0.338345
0.588513
0.388732
0.139056
0.73961
0.389811
0.390159
0.39048
0.390667
0.340681
0.693573
0.49393
0.34426
0.394416
0.394572
0.394932
0.345247
0.395733
0.396153
0.596372
0.346732
0.396952
0.347126
0.0474788
1.24749
0.398073
0.148088
0.348292
0.498835
0.349045
0.399282
0.349477
0.349861
0.350187
0.150201
0.368324
0.168465
0.36848
0.719432
0.669446
0.370755
0.371828
0.372176
0.42377
0.373785
0.674103
0.724118
0.0742913
1.3743
0.375959
0.726142
0.0765442
0.376736
0.0768923
0.377507
0.377681
0.377828
0.378153
0.178327
0.378615
0.32863
0.129002
0.329017
0.179573
0.379587
0.380511
0.480925
0.381291
0.431459
0.381474
0.381714
0.382252
0.332266
0.0826441
0.18342
0.383973
0.384147
0.734361
1.03436
0.684375
0.38469
0.384928
0.185096
0.385111
0.435453
0.285609
0.385873
0.386092
0.386476
0.387037
0.387184
0.387517
0.687727
0.637868
1.03788
0.388216
0.38839
0.388783
0.188975
0.489329
0.789331
0.689344
0.589776
0.0899771
0.39025
0.390406
0.340652
0.340991
0.591151
0.841165
0.391369
0.341712
0.591726
0.342221
0.0924135
0.3926
0.142615
0.342792
0.343953
0.594226
0.394409
0.694574
0.34473
0.344931
0.345078
0.295417
0.495672
0.695918
0.3462
0.396482
0.546755
0.147357
0.0978793
0.374288
0.375231
0.375387
0.776289
0.626301
0.376655
0.376944
0.42751
0.378005
0.378371
0.879191
0.829192
0.579194
0.529206
0.379401
0.379909
0.380329
0.381005
0.381362
0.381773
0.383363
0.133377
0.3838
0.384184
0.634541
0.434893
0.334907
0.835088
0.0351023
0.385471
0.385819
0.386159
0.386396
0.386615
0.187003
0.687248
0.38777
0.438405
0.38842
1.03925
0.639262
0.389649
0.040015
0.0405461
0.240939
0.591321
0.341732
0.3921
0.592478
0.0428444
0.393907
0.694189
0.394376
0.14439
0.394603
0.14476
0.594952
0.695126
0.545309
0.595816
0.545831
0.696203
0.996386
0.447256
0.697403
0.698127
0.3984
0.148592
0.398874
0.34912
0.349495
0.349897
0.0501924
0.720095
0.620107
1.17028
0.820937
0.0715015
0.472866
0.423178
0.423433
0.423647
0.373661
0.374609
0.825002
0.425332
0.375639
0.425653
0.376347
0.42674
0.426969
0.37729
0.427586
0.377989
0.579178
0.379548
0.430102
0.730423
0.430579
0.381011
0.831239
0.381426
0.331428
0.43144
0.381809
0.482215
0.682229
0.432611
0.382625
0.432887
0.382901
0.383169
0.683397
0.583553
0.833745
0.0839456
0.684165
0.435094
0.385109
0.636
0.386174
0.186438
0.387098
0.387722
0.137869
0.338274
1.18921
0.439429
0.38975
0.289924
0.390107
0.190272
0.390554
0.140773
0.341046
0.391229
0.0418475
0.44225
0.393489
0.394038
0.344772
0.545204
0.295486
0.695705
0.14587
0.39629
0.397592
0.398696
0.025236
0.426145
0.176319
0.426969
0.576983
0.179332
0.382097
0.732436
0.382637
0.683012
0.733159
0.383324
0.433583
0.133597
0.433997
0.434225
0.434531
1.03468
0.435223
0.435603
0.385618
0.436008
0.3362
0.386575
0.436812
0.536972
0.586986
0.387226
0.337385
0.3874
0.437778
0.938637
0.438896
0.38891
0.389073
0.439087
0.439667
0.440071
0.140386
0.34068
1.04129
0.391474
0.391667
0.441991
0.692138
0.592366
0.342918
0.193566
0.143944
0.494484
0.0446399
0.045117
0.345465
0.395852
0.146044
0.396365
0.446539
0.396767
0.0473073
0.0474633
0.597668
0.547682
0.348009
0.598922
0.798937
0.49934
0.399354
0.799558
0.300166
0.36635
0.416365
0.717414
0.368153
0.318167
0.418335
0.368958
0.369634
0.469649
0.419916
0.472178
0.372192
0.422808
1.07422
0.974546
0.574561
0.0751056
0.725667
0.175841
0.376078
0.0762518
0.426453
0.377143
0.427522
0.377536
0.427735
0.177749
0.428319
0.428736
0.378738
0.178751
0.429004
0.379018
0.429953
0.430319
0.380697
0.380995
0.431009
0.431444
0.38176
0.431774
0.481933
0.732306
0.68232
0.732515
0.383062
0.183077
0.383485
0.433845
0.483978
0.583992
1.03427
0.38455
1.5847
1.48471
0.435039
0.435213
0.435369
0.435525
0.435708
0.436069
0.386071
0.486083
0.486255
0.336269
0.336432
0.436446
0.436713
1.48691
0.387106
0.387395
0.437409
0.387982
0.388388
0.388619
0.488621
0.438634
0.438886
0.488888
0.338901
0.389201
0.339216
0.839378
0.639393
0.289615
0.389792
0.489807
0.389996
0.440011
0.490173
0.440188
0.39044
0.340455
1.39088
0.491256
0.44198
0.492511
0.442928
0.392943
0.59321
0.843402
0.443585
0.443754
0.393768
0.39394
0.443954
0.394296
0.444716
0.394935
0.345199
0.895566
0.345713
0.695878
0.396733
0.446898
0.447099
0.497474
0.347657
0.697813
0.39796
0.348392
0.448638
0.449031
1.4992
0.699538
0.149748
0.366208
0.467886
0.368804
0.527101
0.377109
0.377507
0.378855
0.430204
0.380205
0.580218
0.480523
0.380537
0.180763
0.380777
0.4314
0.381414
0.481631
0.381633
0.382078
0.382246
0.332261
0.38242
1.33264
0.38299
0.533445
0.383447
0.33346
0.433809
0.383823
0.383982
0.384114
0.534129
0.384288
0.386687
0.386841
0.436842
0.336843
0.486855
0.387027
0.537041
0.387365
0.687593
0.387959
0.438223
0.388535
0.488731
0.188733
0.389087
0.439426
0.389756
0.390126
0.390471
0.490486
0.490639
0.140654
0.390808
0.440822
0.391002
0.341017
1.54137
0.391701
0.491716
0.391923
0.441938
0.392454
1.0426
0.64261
0.392986
0.443
0.393695
0.443977
0.394151
0.444415
0.394745
0.395129
0.395947
0.39622
0.446488
0.396503
1.44668
0.0466975
0.396914
0.346929
0.397073
0.347088
0.397328
0.49773
0.398139
0.348153
0.398357
0.398549
0.398993
1.04915
0.699161
0.39932
0.699833
0.467811
0.367825
0.869799
0.419968
0.469969
0.369982
0.470141
0.525995
0.176009
0.626222
1.5766
0.0766184
0.426867
0.178073
0.378088
0.4288
0.178814
0.0789818
0.0791648
0.179589
1.12973
0.679745
1.27989
0.430318
0.580862
0.430876
0.381089
0.181267
0.181549
0.731799
0.531813
0.182144
0.382158
0.532763
0.483
0.433142
0.483156
0.733441
0.0835883
1.28431
1.48432
0.0844884
0.0846894
0.384971
0.385136
0.185329
0.435575
0.88583
1.48615
0.386397
0.386571
1.0869
0.686919
0.43715
0.387414
1.03767
0.687674
0.537687
0.488074
0.388458
0.488668
0.188824
0.639061
1.38925
0.389676
0.490024
0.690252
0.390426
0.141011
0.391543
0.141999
0.392164
1.49488
0.145476
0.0965189
0.997425
0.112221
0.418112
0.426515
0.427349
0.427706
0.42789
0.428548
0.529341
0.429355
0.82964
0.429814
0.429979
0.430345
0.530537
0.430729
0.18109
0.431641
0.682199
0.43261
0.432784
0.432976
1.03638
0.686395
0.436581
1.53819
0.438544
0.438964
0.439354
1.5395
0.389684
0.440791
0.442175
0.442824
0.442998
0.0432175
0.443482
0.443728
0.143902
1.44467
0.144991
0.545177
0.445192
0.446394
0.496577
0.0469279
0.0471199
0.447253
0.0476
0.447778
0.397792
0.848197
0.848452
0.448635
0.0488182
0.0491392
0.0493672
0.149715
0.406601
0.408451
0.414443
0.46508
0.415088
0.416677
0.418912
0.8223
0.572314
0.422999
0.423329
0.0736927
1.4737
0.0746666
0.425447
0.475826
0.42584
1.37729
0.727618
1.37878
0.479189
0.47986
0.429861
0.179874
0.48018
0.430399
0.480783
0.431012
0.431405
0.48157
0.181711
0.431726
0.43214
0.732429
0.482443
0.432638
0.432812
0.483164
0.433178
0.38344
0.483442
0.433454
0.483599
0.433613
0.483874
0.433889
0.434231
0.434624
0.685504
1.03552
0.685663
0.535677
0.436215
0.386229
0.436972
0.437173
0.437392
0.437762
0.387776
0.387999
0.738254
0.389311
0.439326
1.58953
1.48955
1.48981
0.43998
0.190364
0.440601
0.440832
0.390847
0.691234
0.441654
0.391873
0.442038
0.442185
0.443617
0.493631
0.443826
0.594099
0.494833
0.794998
0.445453
0.395466
0.445862
0.446054
0.396439
0.44658
0.447147
0.647303
0.647576
0.448161
0.498843
0.398857
0.399184
0.399526
0.44991
0.412976
0.464362
0.415126
0.467843
0.47366
0.474071
0.125038
0.175203
0.125497
1.42551
0.426199
0.12754
1.52755
0.127712
0.179944
0.479958
0.430381
0.48085
0.431192
0.431624
0.234803
0.384817
0.685216
0.735586
0.6856
0.485969
0.186333
0.436347
0.436756
0.38677
1.03749
0.488289
0.188291
0.48885
0.788852
0.438864
0.189113
0.789363
0.689378
0.540062
0.440077
0.440431
0.490446
0.440662
0.441217
0.441715
1.04198
0.741984
0.791997
0.442693
0.493197
0.443209
0.443377
0.493726
0.39374
0.443908
0.444041
0.444806
0.394807
0.84482
0.4451
0.395114
0.795327
0.446111
0.496125
0.446623
1.5474
1.6474
0.0474125
0.497662
0.448596
0.44901
0.449428
0.499442
0.449686
0.3997
0.799868
0.465445
0.465998
0.516012
0.416974
0.468097
0.618579
0.418845
0.46886
0.469835
0.419849
0.470234
0.420235
0.370248
0.421183
0.0715531
0.0723112
0.172801
0.422815
0.474302
0.424316
0.0749706
0.075344
1.47536
0.476562
0.426572
0.17704
0.477042
0.827043
0.427055
0.427235
0.477237
0.82725
0.627409
0.177568
0.427583
0.0780901
0.479935
0.429936
0.829949
0.630345
0.830876
0.0818014
0.0820024
0.732384
0.682398
0.532804
0.0832185
0.0833926
0.0837188
1.38373
0.433936
0.0850324
1.38505
0.485604
0.435619
0.436162
0.186349
0.48635
0.386363
0.436696
0.486891
0.436906
0.837413
0.587702
0.887716
0.437893
0.488094
0.488241
0.488706
0.43872
0.789296
0.68947
0.489827
0.439993
0.840266
0.740461
0.790476
0.490674
0.440689
0.44086
0.490875
0.441088
0.841271
0.491553
0.491712
0.441727
0.441922
0.392277
0.492291
0.442714
0.743134
0.493554
0.444097
0.0948993
0.145317
0.445331
0.845721
0.695886
0.44627
0.696462
0.396855
0.397225
0.44724
0.397399
0.447564
0.448066
0.39808
0.498888
0.399224
0.549238
0.449925
0.171485
0.471499
0.422171
0.473003
0.874722
0.474737
0.429067
0.479081
0.47949
0.429505
0.480198
0.430552
0.480567
0.480972
0.831191
0.481374
0.431539
0.432043
0.482237
0.183021
0.433596
0.433765
0.183766
0.483779
0.434467
0.484468
1.43464
0.784956
0.68497
0.435156
0.485402
0.435621
0.435946
1.08787
1.03788
0.687877
0.837889
0.488285
0.438441
0.490212
0.440222
0.443496
0.49351
0.493894
0.393908
0.494338
0.44434
0.394353
0.444539
0.444788
0.394803
0.695226
0.695412
0.995427
0.495958
0.44596
0.395973
0.446144
0.496159
0.496627
0.396642
0.447056
0.947381
0.497395
1.04775
0.697764
0.847962
0.797964
0.697977
0.598358
0.4987
0.448702
0.398715
0.448887
0.498901
0.499055
0.449069
0.4493
0.449696
1.04993
0.468353
0.469288
0.419302
0.470556
0.47082
0.471163
0.421177
0.471363
0.571558
0.521573
0.721843
0.771858
0.422333
0.472334
0.172347
0.472822
0.474146
0.0743143
0.0757675
0.0760975
0.726254
1.47644
0.0764546
0.47856
0.428574
0.479084
0.429099
0.529279
0.379281
0.429294
0.479717
0.0801101
0.480293
0.430476
0.481109
0.381123
0.531331
0.431333
0.481345
0.0815943
0.581813
0.482147
0.432149
0.382161
0.482324
0.432338
0.48251
0.382524
1.58294
0.0829505
0.0831185
0.433635
0.48365
0.13392
0.433922
0.383935
0.0846328
0.0851638
0.0853288
0.436205
0.13622
0.436388
1.03693
0.686949
0.437189
0.487372
1.03792
0.737933
0.438347
0.438602
0.438735
0.188749
0.488939
0.43894
0.439452
0.539453
0.139466
1.03964
0.889639
0.839652
0.439833
0.389847
0.940216
0.440444
0.890672
0.841056
0.191189
0.441204
0.441606
0.491621
0.741828
0.69183
0.591843
0.591997
0.642011
0.692389
0.44259
0.442954
0.392968
0.493382
0.443664
1.04406
0.444381
0.094663
0.444846
0.495194
0.0953771
0.495605
0.446007
0.496271
0.446517
0.446763
0.446928
0.447174
0.447307
0.147308
0.397321
0.447993
1.29834
0.448537
0.448684
0.399023
0.449362
0.449566
0.149581
0.599826
0.499828
0.399839
0.400043
1.42134
0.471793
0.722234
0.473468
0.424082
0.474096
0.424353
0.474367
0.474526
0.425199
0.475683
0.476337
1.02666
1.52681
1.62682
0.476985
0.427
0.427363
0.477378
0.47804
0.428054
0.580265
1.03155
0.432087
1.03235
0.482555
0.43257
0.434739
0.434934
0.485667
0.435669
0.535681
0.486021
0.436035
0.486194
0.436377
1.13653
1.43653
0.0365423
0.436764
1.43712
0.0371304
0.437361
0.437767
0.537914
0.738289
0.738445
0.488814
0.438829
0.439234
0.43948
0.489867
0.441067
0.441268
0.041433
0.49182
0.042632
0.392797
0.443166
0.443577
0.393983
0.443997
0.444165
0.0443752
0.0447142
0.445026
0.0457104
0.0459114
0.0460674
0.0462684
0.446607
0.397212
0.397632
0.0480456
0.0483846
0.0486216
0.449108
0.0492727
0.449546
0.499783
0.349993
0.410732
0.764138
0.865614
0.420106
0.421203
0.421648
0.522311
0.422323
0.423149
0.423314
1.5741
0.424478
0.474793
0.475563
0.425577
0.427559
0.477719
0.427733
0.728691
0.429177
0.429345
0.479347
0.52936
0.430457
0.480634
0.430649
0.530907
0.481153
0.43151
0.681862
0.781876
0.732227
0.432491
0.232968
0.733209
0.883223
0.483698
0.433712
0.434081
0.434363
0.434601
0.834733
0.934735
0.784748
0.485138
0.43533
0.835723
0.436147
0.136565
0.386579
0.686765
0.436924
0.486926
0.386939
0.487344
0.437884
0.438157
1.38852
0.438937
0.439129
0.439549
0.489727
0.639741
0.390128
0.440796
0.490809
0.441004
0.441259
0.441469
0.441857
0.491871
0.493141
0.443156
1.39344
0.443642
0.443909
0.393924
1.04409
0.444347
0.444552
0.494566
1.49489
0.395118
0.795337
0.445601
0.396003
0.39618
0.446195
0.746777
0.747041
0.147771
0.198176
0.448492
0.498506
0.398728
0.44904
0.399209
0.349223
0.449601
0.450006
0.414256
0.364403
0.365646
0.516974
0.366988
0.576493
0.476494
0.526507
0.478411
0.378425
0.478811
0.428812
0.479652
0.379667
0.530206
0.380221
0.480596
0.380598
0.430611
0.980944
0.481121
0.431123
0.381136
0.431496
0.782057
0.482732
0.432734
0.382999
0.433011
0.38541
0.435421
0.437491
0.487501
0.388071
0.438237
0.788378
0.638393
0.438765
0.438924
0.388939
0.539111
0.389125
0.389368
0.439383
0.43956
0.439948
0.489962
0.390478
0.541003
0.391018
0.391436
0.44145
0.491841
0.441855
0.492156
0.44217
0.542537
0.442539
0.392551
0.392942
0.492956
0.493388
0.39379
0.543941
0.493955
0.394136
0.444138
0.34415
0.44443
0.494444
0.444625
0.394627
0.194639
0.394964
0.446095
0.39611
0.396344
0.446359
0.446617
1.34681
0.0468208
0.797172
1.5474
0.0474178
0.447974
0.497988
0.398369
0.398633
0.448906
0.699143
0.649406
0.599408
0.549416
0.449743
0.449924
0.399938
0.701078
1.05108
0.651093
0.41289
0.463508
0.717014
0.417531
0.467545
1.56867
0.0686835
0.419218
0.0719561
1.67197
0.47214
0.522155
0.472857
0.422999
0.473013
0.423235
0.474617
0.424619
0.524632
0.425055
0.0755777
0.0757517
0.0759077
0.826064
0.0768697
0.527203
0.427205
0.477218
0.0776138
0.478014
0.428028
0.42825
0.478565
0.37858
0.0787749
0.42894
1.07922
0.479381
0.429396
0.479765
0.580113
0.430447
0.380461
0.0806381
0.430794
1.18101
0.431277
0.481455
0.381469
0.0818563
0.382111
0.732838
0.682852
0.433257
0.433513
0.584071
0.434458
0.134473
0.434887
0.435061
1.03541
0.485583
0.835952
0.436201
0.486216
0.68642
0.0869449
0.087347
0.437557
0.437926
0.638299
0.838313
0.488736
0.488937
0.43907
0.589084
0.439403
0.489417
1.4896
0.389946
0.33996
0.440146
0.440356
0.990621
0.390786
0.490951
0.141197
0.441461
0.491698
0.49232
0.592584
0.39274
0.442959
0.443106
0.493352
1.39354
0.443745
0.494
0.795635
0.446046
0.497213
0.598398
0.399601
0.499766
0.42269
0.473354
0.173356
0.824097
1.52505
1.52614
0.178488
0.430016
0.381565
0.431579
0.481819
0.432065
0.432222
0.432378
0.432579
0.134138
0.48414
0.434153
0.434429
0.435122
0.435545
0.43629
0.486518
0.486674
0.437893
0.688044
0.438058
0.0384903
0.0388593
0.0392704
0.0396004
1.53981
0.0398194
0.440041
0.0408605
0.441098
0.391638
0.391893
0.0422957
0.442479
0.443913
0.0440779
0.0443509
0.444543
0.444717
0.794909
0.795137
0.445505
0.395928
0.396333
0.446507
0.846649
0.746663
0.597246
0.0476153
0.397927
0.148101
0.448284
0.398431
0.398668
0.449301
0.449511
0.449658
0.399859
0.0501719
0.475352
0.475704
0.425718
0.0759186
1.47593
0.476118
0.426283
1.57644
1.47646
0.476715
0.176928
0.426943
0.877114
0.927116
0.827129
0.877297
0.478552
0.428566
0.879082
0.429328
0.47947
0.429484
0.080299
0.430527
0.430791
0.581175
0.481344
0.431358
0.58174
0.481742
0.431754
0.431976
0.432249
0.482463
0.432477
0.432672
0.433083
0.433357
1.48367
0.484029
0.484452
0.43468
0.834902
0.784917
0.435202
0.435389
0.485403
0.485854
0.43625
0.486265
1.48664
0.487175
0.587177
0.43719
0.487484
0.487667
0.43806
0.588399
0.488591
0.789131
0.539479
0.43968
0.539813
0.339815
0.490182
0.440196
0.440481
0.440701
0.440902
0.391124
0.541125
0.441139
0.542264
0.442279
0.942528
0.392693
0.44284
1.09306
0.793455
1.09412
0.144544
0.444781
0.445063
1.39547
0.396002
0.396144
0.446158
0.696581
0.496746
0.397445
0.0976462
0.448033
0.398354
1.49862
0.398801
0.448957
0.399839
0.450035
0.40005
0.458151
0.408166
0.42618
0.226194
0.528514
0.478528
0.730913
0.881722
0.432109
0.482124
0.432815
0.483311
0.483881
1.03404
0.934054
0.43422
0.434702
1.03504
0.635174
0.435717
0.486027
0.536029
0.436041
0.486254
0.486401
0.436918
0.48726
0.437275
0.687647
0.488007
0.538008
0.438022
0.438292
0.538307
1.03847
0.438598
1.43893
1.33894
0.190373
0.440388
0.540721
0.540922
0.491915
0.441929
0.442346
0.442886
0.443376
0.393535
0.543536
0.443549
0.494088
0.444103
0.444909
0.545059
0.495061
0.445063
0.395074
1.24529
0.0453047
0.44562
0.445785
0.846292
0.446676
0.446904
0.397396
0.798074
0.448434
0.548959
0.949361
0.499643
0.849985
0.480782
0.530792
0.481111
0.431125
0.481485
0.581984
0.481999
0.0821846
0.482344
0.432359
0.483455
0.484533
0.434547
0.434805
0.935189
0.485348
0.435363
1.18554
1.08554
0.985547
0.085565
0.485737
0.435751
0.486099
0.436114
0.086282
0.486469
0.436483
0.0868521
0.587917
0.487931
0.488108
0.438406
0.538408
0.48842
0.738673
0.788674
0.688687
0.538988
0.438989
0.488991
0.139002
0.489558
0.439572
0.439852
0.539866
0.490284
0.440299
0.0907246
0.0911386
1.04127
1.34127
0.841286
0.591499
0.891877
0.941892
0.092248
1.49226
0.492451
0.442465
0.0927888
0.0931098
0.493324
0.443338
0.443533
0.443774
0.543788
0.494022
0.444024
0.594037
0.494209
0.444223
0.59456
0.394561
0.444563
0.544574
0.444946
0.495115
0.445116
0.395129
0.0955162
0.445771
0.495976
0.44599
1.04623
0.0964185
1.49642
1.39643
0.496666
0.44668
0.846897
0.946898
0.746911
0.197233
0.597247
0.397392
0.347406
0.197574
0.497761
0.447776
0.498193
0.448208
0.448403
0.698754
0.448769
0.898913
0.998928
0.449135
0.54915
0.199648
0.500045
0.450059
0.450333
0.500348
0.767044
0.667058
0.520956
0.470958
0.420971
0.471133
0.421135
0.471614
0.472336
0.422351
0.476109
0.526251
0.426265
0.527235
0.477237
0.42725
0.478369
0.428384
0.97926
0.929275
0.479474
0.429488
0.929683
0.480085
0.480605
0.43061
0.380619
0.530782
0.480784
0.131444
0.682107
0.432495
0.482496
0.382509
0.482873
0.133209
1.33322
0.883379
0.933535
0.483682
0.484229
0.434231
0.135325
0.4857
0.185832
0.435847
0.486018
0.43602
0.386033
1.43641
1.53641
0.0364199
0.487113
0.437128
1.43732
0.438293
0.188604
0.488606
0.438618
0.688876
0.43905
0.489282
0.43966
0.489674
0.489833
0.490074
0.440088
0.440346
0.440569
0.490583
1.44092
0.0409346
1.54112
1.44114
0.441535
0.441694
0.492081
0.442096
0.442773
0.44318
0.243619
0.443994
0.444225
0.39424
0.444471
0.444663
0.444882
0.445101
0.445461
0.445653
0.49632
0.446332
0.446665
0.447028
0.447384
0.447807
0.798048
0.548063
0.448486
0.948843
0.449116
0.449371
0.449566
0.149581
0.499989
0.468825
0.469445
0.419973
0.469975
0.369988
0.470346
0.420361
0.520568
0.42057
0.470583
0.470727
0.420742
0.47091
0.471285
0.421296
0.472621
0.422634
0.424165
0.474481
0.724823
0.674838
0.0754557
0.0759987
0.0770698
0.0772258
0.0774808
0.0777269
0.428427
0.778782
0.878784
0.478796
0.179562
0.429576
0.479843
0.430071
0.48033
0.430344
0.480588
0.430602
0.481136
0.43115
0.481349
0.431363
0.481682
0.43191
0.73227
0.782465
0.83248
0.432858
0.483017
0.433032
0.483221
0.433236
0.083647
1.58366
0.0840254
1.48404
0.0842768
0.484605
0.434619
0.434796
0.485499
0.435727
0.186
0.436201
1.03688
0.736893
0.487065
0.437079
0.487626
0.73764
0.437995
0.138009
0.43819
0.488204
0.438372
0.438627
0.438819
0.489006
0.389008
0.43902
0.439381
0.889663
0.440002
0.940212
0.390761
0.740908
0.441232
0.391247
0.441481
0.391496
0.892402
0.442822
0.443026
0.393041
0.393281
0.493422
0.443437
0.443582
0.493583
0.393596
0.444367
0.0947901
0.394973
0.0951741
0.395877
0.295891
0.496117
0.446118
0.396131
0.44653
0.396921
0.446935
0.0971393
0.0975593
0.147961
0.798322
0.898336
0.398567
0.948841
1.49923
0.649381
0.475776
0.42579
0.426581
0.476905
0.426906
0.32692
0.177229
0.427244
0.927577
0.427925
0.428405
0.47842
0.47882
0.430057
0.430324
0.330339
0.430717
0.431078
0.481092
0.431446
0.431714
0.481728
0.431923
0.43211
0.482124
0.732554
0.982555
0.782568
0.48298
0.933652
1.33367
0.483946
0.737258
0.437663
1.53857
0.038584
0.43877
0.439991
0.190387
0.490703
0.390705
0.440717
1.54111
0.0411223
0.491477
0.441491
0.491681
0.441695
0.892179
0.942193
0.442575
1.14283
0.742848
0.443109
0.493124
0.443556
0.193748
0.443904
0.544315
0.444543
0.444756
0.394771
0.445029
0.395203
0.445539
0.395554
0.495789
0.445803
0.496113
0.446127
0.49638
0.146394
0.446547
0.396562
0.446926
0.747432
0.448269
0.198486
0.448488
0.4985
0.449041
0.349055
0.449242
0.449392
0.499407
0.449821
0.619175
0.419185
0.0703184
0.470474
1.0226
0.872611
0.473115
0.37313
0.723628
0.423949
0.474145
0.524159
0.0743722
0.0761916
0.476968
0.0778288
0.0784369
0.43043
0.480444
0.430987
0.481148
0.381161
0.0813564
0.881525
0.931539
0.0817795
1.18204
1.08206
0.982075
0.482427
0.482559
0.432574
0.783432
0.683433
1.03343
0.633447
0.483591
0.433606
0.433966
0.434615
0.434802
0.384816
0.435637
1.28603
0.0860419
0.0862819
0.0866569
0.436894
0.487117
0.387131
0.487294
0.437308
0.437648
0.137662
0.437956
0.538254
0.388268
0.438458
0.188472
0.0886493
0.439108
0.189277
0.439291
0.539499
0.439513
0.439793
0.489794
0.389807
0.439997
0.490011
0.490189
0.44039
0.490777
0.440778
0.390792
0.440945
0.39096
0.891467
0.391726
0.44174
0.642118
0.442364
0.192556
0.442838
0.44303
0.3934
0.443414
0.39379
0.443791
0.493804
0.443976
0.39399
0.444284
0.444485
0.444878
0.445119
0.395133
0.395292
0.445494
0.49646
0.446475
0.446628
0.396643
0.0969277
0.447192
0.897465
0.397597
0.447612
0.697801
0.897803
0.797816
0.948176
0.748431
0.698699
0.748713
0.39898
0.399181
0.099566
0.464424
0.41591
0.465924
0.476578
0.476876
0.42689
0.477397
0.477557
0.427558
0.377571
1.02787
1.27789
0.478088
0.57809
0.378102
0.378636
0.47929
0.379305
0.479851
0.480016
0.530994
0.481009
0.481549
0.381564
1.43188
0.981897
0.482831
0.633032
0.43338
0.484251
0.435151
0.435406
0.435674
0.486039
0.436181
0.386196
0.487139
0.437493
0.387508
1.28787
0.887872
0.837886
0.738441
0.688456
0.438624
0.439182
0.139194
0.439682
0.389696
0.390092
0.990497
0.490887
0.390902
0.491316
0.641512
0.44408
0.894335
0.444477
0.144491
0.494704
0.445095
0.39511
0.395479
0.696004
0.396151
0.396521
0.446532
1.09726
0.497796
0.44781
0.44898
0.499511
0.449671
0.399685
0.4
0.420761
0.470775
0.471103
0.521117
0.471325
0.421339
0.421685
0.471699
0.872474
1.47248
1.22249
0.822633
0.772634
1.02265
0.423173
0.473305
0.42332
0.524063
0.424077
0.424561
0.0749181
0.0750741
0.0762182
0.427206
0.42775
0.0780804
0.0791716
0.429409
0.729592
0.479797
0.429811
0.431053
0.531067
0.431494
0.0816501
0.631842
1.38225
0.982265
0.0824242
0.183418
0.53342
0.483422
0.433432
0.0836633
0.0838913
0.43406
0.484074
0.334506
0.234711
0.484725
0.0848899
1.4849
0.485092
0.435106
0.0855205
0.0858415
0.43611
0.486124
0.0866666
0.437081
0.437276
0.487291
0.0874497
0.437597
0.487981
0.0883768
0.538587
0.438761
0.4391
0.439359
0.139373
0.43976
0.73992
1.03992
0.689923
0.439934
0.440102
0.440486
0.44085
0.490864
0.441149
1.49132
0.0913323
0.441678
0.391692
0.442088
0.442407
0.492421
0.192665
0.442679
0.443048
0.493433
0.443821
0.493823
0.393836
0.494217
0.344232
0.844649
0.44521
0.495483
0.445634
0.145648
0.445811
0.395825
0.445984
0.446212
0.446629
0.396644
0.497067
0.447442
0.447856
0.448111
0.548262
0.848276
0.49881
0.149808
0.800241
0.463511
0.413526
0.464548
0.414563
0.416807
0.471555
0.421569
0.422022
0.374576
0.424591
0.476476
0.176478
0.426491
0.527309
0.577323
0.378132
0.428146
1.42869
0.429353
0.379368
0.380043
0.430058
0.430244
1.53105
0.431202
0.432537
0.432912
0.433437
0.533748
0.483762
0.433934
0.383948
0.434317
0.434833
0.385083
0.435097
0.435529
0.43589
0.436406
0.33642
0.436738
0.437062
0.437209
0.437419
0.437735
0.48775
0.438317
0.388332
0.438504
0.388518
0.439519
0.439697
0.389711
0.439906
0.440204
0.490205
0.790854
0.441028
0.39131
1.09165
1.04165
1.14167
0.391986
0.492
0.442351
0.392498
0.442658
0.442831
0.443087
0.443345
0.39336
0.443994
0.394005
0.445338
0.84616
0.946161
1.14617
0.746333
0.896484
0.646498
0.446844
0.396858
1.04703
0.897031
0.847044
0.0472753
0.447635
0.448463
0.848764
0.798778
1.34897
0.79897
0.848982
0.899532
1.19955
0.799742
0.500039
0.450054
1.02152
0.721531
0.471703
0.521717
0.92297
0.423474
0.82374
0.873742
0.773755
0.573972
0.473977
0.423986
0.474533
0.574547
0.474875
0.174889
0.425216
0.575231
0.725736
0.77575
0.0759271
0.476909
0.426923
0.0780725
0.428587
0.47907
0.429085
0.479283
0.429298
0.079444
1.57946
0.079711
1.57972
0.480172
0.430187
0.430382
0.430706
0.480721
0.481219
0.0816389
0.432281
0.482295
0.432521
0.182535
0.732716
0.78273
0.432983
0.382997
0.0831921
0.433522
0.434348
0.484362
0.0845573
0.0849593
0.435214
0.0853974
0.435794
0.385808
0.0860533
1.68607
0.486421
0.386436
0.0866846
0.437531
0.487672
0.437687
0.43811
0.48836
0.388374
0.488554
0.438569
0.438764
0.439151
0.439424
0.439643
0.889808
0.489949
0.439964
0.390109
0.440123
0.940318
0.49084
0.441023
0.141305
0.441452
0.0919203
0.842308
1.29232
0.842718
0.993202
1.24322
0.0940455
0.444219
0.394541
0.144871
0.395081
0.395423
0.195438
0.895856
0.996075
0.0967448
0.396964
0.44728
0.397294
0.397817
0.147831
0.448167
0.448555
0.398569
0.398894
0.39914
0.499542
0.0997612
0.599944
0.400198
0.450212
0.40947
0.909478
1.12216
0.42246
0.422634
0.472974
0.423532
0.42524
0.475254
1.07568
0.82569
0.425867
0.426339
0.176344
0.376346
0.428775
0.479154
0.429168
0.430216
0.43048
0.481136
0.431147
0.432645
0.432813
0.583449
0.433741
0.43408
0.484716
0.434731
0.435167
0.735341
0.435789
0.486341
0.436692
0.436902
0.437143
0.937157
1.03732
0.787334
0.437493
0.937725
0.437726
0.487728
0.387739
0.43809
0.438703
0.98889
1.2889
0.739117
0.439785
0.190181
0.940376
0.890391
0.440937
0.390952
0.441516
0.791675
1.39168
0.84169
0.641852
0.391854
0.341867
1.29227
0.492467
0.442659
0.493757
0.444081
0.444495
0.794628
0.994642
0.344996
1.04569
0.396092
0.446106
0.446328
0.54676
0.447579
0.397852
0.0481854
0.0486054
1.19881
0.898824
0.0492055
0.0495265
0.0499225
0.0617831
0.918776
0.0695728
0.0699028
0.071331
0.921535
0.87155
0.0725471
0.174471
0.774676
0.82469
0.475018
0.475562
0.425576
0.426059
1.27683
0.726833
0.676846
0.527164
0.427179
0.827419
0.427816
0.47783
0.0782108
0.428448
0.428595
0.0787689
0.178902
0.478916
0.429093
0.429712
0.379726
0.429907
0.379921
0.0803381
0.430704
0.0810934
1.78111
0.931497
0.531498
0.381511
0.432402
0.532571
0.432573
0.382585
0.483135
0.433149
0.483308
0.433978
0.484339
0.434353
0.784593
0.434794
0.485007
0.435022
0.0852257
0.435445
0.435786
0.785933
0.0860889
0.486644
0.436827
0.437374
0.437771
0.387785
0.438304
0.438652
0.439202
0.939457
0.441668
0.442065
0.942079
1.79222
0.692238
0.192401
0.442415
0.442811
0.443004
0.443366
0.393381
0.194102
0.394104
0.444117
0.44436
0.144375
0.444591
0.394606
0.444832
0.144846
0.445071
0.395086
0.445257
0.395272
0.44544
0.445596
0.44577
0.446473
0.44662
0.596941
0.497133
0.697481
0.397754
0.447946
0.448697
0.448844
0.749264
0.399515
0.449529
0.799736
0.749751
0.45003
0.550045
0.0660695
0.518803
0.470063
0.420077
0.473129
0.424332
0.474346
0.474751
0.47508
0.425094
0.425343
0.476164
0.476342
1.5269
0.876917
0.427442
0.477852
0.427854
0.527867
0.82802
0.728022
0.878035
0.478676
0.42869
0.779036
1.02904
0.67905
0.780012
0.480941
0.430955
0.481652
0.781955
1.83278
0.582935
0.433127
0.433319
0.433466
0.683793
0.833808
0.484252
0.434657
0.435674
0.535676
0.385689
0.835848
0.486209
0.38621
0.536223
0.886409
0.236542
0.487186
0.437201
1.7376
0.488141
0.438155
0.438548
1.24011
0.440256
0.590709
0.390723
0.942388
0.442766
0.542768
0.392781
0.443447
0.393462
0.393693
0.444104
0.445136
0.445532
0.445821
0.395835
0.64625
0.0464671
1.84648
0.396637
0.696811
0.398035
0.398347
0.398945
0.399495
0.449627
0.399642
0.399864
0.168874
0.219785
0.470713
0.370715
0.420727
0.421443
0.471457
1.12205
0.772851
0.722866
0.374882
0.424896
0.076455
0.426656
0.076893
0.077112
0.427598
0.0782711
0.628664
0.479221
0.379223
0.429235
0.0796493
0.43001
0.380024
0.0801834
0.0804894
0.0806597
1.68067
0.430894
0.181036
0.431051
0.431387
0.0814016
0.481591
0.431606
1.13198
0.0824037
0.432545
0.382547
0.33256
0.432749
0.482764
0.0829948
0.0832498
0.683481
0.833496
0.434313
0.384314
0.484327
0.43502
0.0855061
0.0857071
0.435854
0.486104
0.436118
0.486367
0.43671
0.586724
0.437156
0.937321
0.43754
0.437768
0.487997
0.438207
0.388528
0.43887
0.488885
0.439098
0.439491
0.439911
0.440058
0.440307
0.390322
0.440754
0.841012
1.24103
0.441321
0.491481
0.441483
0.541495
0.841672
0.491855
0.692011
0.392185
0.442608
0.842764
0.493967
0.443981
0.444399
0.645573
0.396053
0.446212
0.496227
0.446797
0.396812
0.89701
0.747012
1.29702
0.797229
0.147626
0.34764
0.597802
0.397817
0.448066
0.448249
0.448477
0.448642
0.698846
0.848861
0.14923
0.49948
0.199482
0.449494
0.449891
0.468705
0.418715
0.475112
0.425126
0.725601
0.475602
0.425615
0.425804
0.475819
0.476766
0.426767
0.428304
0.528318
0.42888
0.129699
0.180139
0.480153
0.430498
0.4805
0.180513
0.481162
0.431176
0.731647
0.432026
0.432222
0.482236
0.532426
0.43244
0.432608
0.432786
0.532787
0.3828
0.483265
0.133898
1.33424
0.784661
0.485204
0.435219
0.435942
0.386339
0.437482
0.588379
0.438868
0.439042
0.839315
0.989462
0.440006
0.440558
0.440717
0.390731
0.440899
0.441584
0.391599
0.44199
0.392005
0.99235
0.942572
1.34259
0.892848
0.942863
0.443209
0.143223
0.443614
0.393628
0.444297
0.394299
0.144312
0.444591
0.394606
0.445023
0.395038
0.445384
0.745398
0.395566
0.447795
0.197796
0.397797
0.547809
0.448218
0.548232
0.448431
0.398445
0.39864
0.698787
0.39896
0.44897
0.449361
0.399375
0.549762
0.412421
0.462431
0.412897
0.763634
0.0686476
0.471906
0.421921
0.0725581
0.0728981
0.475134
0.525136
0.425148
0.425535
0.425722
0.575724
0.475726
0.125737
0.425914
0.426631
0.427806
0.427938
0.477939
0.577953
0.428307
0.478322
0.0784987
0.47865
0.428664
0.0789308
0.429489
0.429748
0.479762
0.080002
0.430176
0.080707
0.581058
0.431073
0.0813671
0.0815591
0.0817061
0.181839
0.431853
0.432025
0.482039
0.433449
0.433641
0.383797
0.434061
0.0842264
0.434436
0.884596
0.734597
0.634611
0.435458
0.48546
0.135473
0.486007
0.0861627
0.0863817
0.436748
0.43698
0.136994
0.0875119
1.88752
0.437691
0.437841
0.487856
0.438072
0.588087
0.53825
0.438264
0.438441
0.438807
0.43956
0.840249
0.590735
0.490749
0.991259
0.441679
0.441826
0.641959
0.491974
1.34219
0.792191
0.642205
0.942376
0.792377
0.842379
1.24238
1.44239
0.44279
0.443018
0.443264
0.0934738
0.443657
1.54384
0.49408
0.444095
0.444267
0.394281
0.74456
0.694575
0.444824
1.49524
0.445574
0.495757
0.0959403
0.396465
0.446876
0.397068
0.147305
0.697474
0.647488
0.498016
0.698395
0.79841
0.398596
0.398752
0.399529
0.449544
0.349925
0.515013
0.465187
0.416156
0.422025
0.524123
0.424137
0.474281
0.424296
0.42494
0.425524
0.375538
0.427037
0.527589
0.427603
0.877919
0.428421
0.478436
0.529115
0.479621
0.429636
0.429795
0.429972
0.432044
0.382404
0.43277
0.43318
0.433744
0.483758
0.434167
0.434314
0.434859
0.435262
0.436405
0.136406
0.536417
0.736958
0.98696
0.686973
0.437299
0.437668
0.437869
0.438518
0.438759
0.738773
0.439271
0.439673
0.639847
0.440168
1.14038
0.740918
0.641096
0.441098
0.441452
0.391626
0.44202
0.442284
0.14248
0.392495
0.442909
0.443074
0.843506
0.843692
1.04371
0.443902
0.994142
0.444659
0.445015
0.445348
0.445708
0.445918
0.046146
0.946311
1.74696
0.447098
0.397112
0.447305
0.397316
0.448024
0.0482432
0.948631
0.748645
0.398804
0.449068
0.0492874
0.0498274
0.468152
0.418167
0.419001
0.0693441
0.0697101
0.470391
0.720601
0.421163
0.0722615
0.0727246
0.0728806
0.574956
0.474958
0.424971
0.477589
0.427603
0.427825
0.428155
0.428477
0.0786595
0.0789416
0.479093
0.429107
0.429827
0.129842
0.430046
0.480313
0.180315
0.430328
0.0805141
0.781193
0.831207
0.0822132
0.432633
0.482843
0.433053
0.0834554
0.533678
0.433692
0.434407
0.0846525
0.434881
0.435055
0.485475
0.735694
0.436243
0.386577
0.436591
0.436768
0.737191
0.687356
0.437749
0.437963
0.487977
0.438538
0.938926
0.73894
0.489548
0.439562
0.839886
0.440078
1.1904
0.441079
0.441235
0.441463
0.441935
0.69195
0.442244
0.442583
0.442761
0.392775
0.442979
0.393198
0.543954
0.444522
0.444745
0.194759
0.444945
0.495105
0.445119
0.445296
0.445501
0.395515
0.445922
0.496118
0.446132
0.696567
0.546933
0.447116
0.44753
1.1977
0.497713
0.447918
0.448128
0.448275
0.648635
0.449056
0.399275
0.0996137
0.467829
0.417843
0.418268
0.775466
0.875468
0.62547
0.675481
0.376048
0.47605
0.526052
0.176867
0.477284
0.427299
0.477453
0.427454
0.478217
0.478578
0.42858
0.62904
0.679054
0.429597
0.879886
0.8299
0.43009
0.380104
0.430272
0.480686
0.4307
0.181779
0.381793
2.1322
0.432571
0.332776
0.38279
0.432985
0.433408
0.883613
1.43363
0.883898
0.683899
1.03391
0.485317
0.435651
0.435783
0.486098
0.436113
0.436614
0.436779
0.437441
0.737669
0.437915
0.438264
1.48843
0.738447
0.438723
0.188924
0.439089
0.439369
0.389383
1.03954
0.439779
0.440085
0.440232
1.74131
0.0413267
0.441687
0.492401
0.442584
0.44274
0.492926
0.442941
0.443355
0.443904
0.84418
0.444568
0.394582
0.444849
0.445939
0.395953
0.546338
0.746507
0.796508
1.19652
0.44684
0.146855
0.897212
0.747213
0.647215
1.04723
0.447587
0.547806
0.498172
1.84888
0.522793
0.472808
0.0731769
0.0735429
0.0738549
0.474675
1.02502
0.0753561
0.475662
0.175818
0.725996
0.47601
0.47665
0.426664
1.87685
0.0768683
0.0777093
0.728057
0.0782134
0.0786364
0.0788284
0.479929
0.429944
0.480121
0.780484
0.680485
1.2305
0.480784
0.0811587
0.431373
0.381387
0.0821358
0.0823638
0.432601
0.832965
1.28298
0.833183
0.433522
0.483852
0.0840351
0.0842361
0.434383
0.434557
0.884776
0.435145
0.385538
0.58568
0.385694
0.386793
0.436807
0.437047
0.837198
0.7872
1.08721
0.437573
0.387714
0.487729
0.437996
0.438227
0.188242
0.33841
0.438593
0.438758
0.438909
0.48891
0.388923
0.439268
0.389283
0.739478
0.439715
0.439934
0.390085
0.440099
0.441503
0.491517
0.441931
0.342195
0.442369
0.442633
0.893173
0.443551
0.443765
0.493779
0.443938
0.144071
0.444085
0.394365
0.44438
0.394803
0.444977
0.445292
0.495559
0.445561
0.795574
0.445733
0.396262
0.446276
0.44648
0.446717
0.497432
0.447446
1.79814
1.89815
0.648372
0.0985911
0.448837
0.399185
1.49934
0.499596
0.700014
0.650028
0.453135
2.00406
0.459651
0.409656
0.359677
0.467825
0.470654
0.42534
0.476991
0.427005
0.478205
0.52822
0.529094
0.379992
0.530385
0.480764
0.181281
0.431295
0.431842
0.381856
0.53353
0.484108
0.434461
0.384475
0.584637
0.784638
1.13465
0.385777
0.435789
0.386144
0.386384
0.436399
0.386606
0.436621
0.837442
1.03746
0.487652
0.387907
0.73859
0.838809
0.489023
0.339037
0.489538
0.489922
0.390087
0.390301
0.390747
0.391036
0.44105
0.941396
0.791398
0.74141
0.191831
0.441845
0.192191
0.3928
0.442815
0.492968
0.392983
0.393142
0.444552
0.394567
0.444838
0.494852
0.395134
0.395521
0.145536
0.395735
0.445736
0.345749
0.396062
0.446076
0.596262
0.396649
0.396997
0.447175
0.497189
0.397585
0.498693
0.399165
0.449179
0.449544
0.499558
0.449753
0.499957
0.424984
0.375285
0.325299
0.476283
0.426285
0.376297
0.176564
0.477089
0.477441
0.427456
0.57838
0.428395
0.428954
0.478968
0.479235
0.479475
0.42949
0.0800508
1.03025
0.730261
0.430429
0.0806569
0.431074
0.481089
0.431431
0.581581
0.331583
0.381596
0.431963
0.381977
0.082835
0.0832581
0.433486
0.0839092
0.434633
0.384648
0.435194
0.0857071
0.385935
0.786086
0.8361
0.4365
0.136514
2.18674
1.33701
0.0871833
0.438078
0.388567
0.788757
0.938758
1.28877
0.489081
0.389082
0.439096
0.839615
0.73963
0.439843
0.490359
0.340374
0.390596
0.19096
0.490974
0.0913878
0.0915888
0.691949
0.891964
0.0922999
0.492474
0.442642
0.542657
0.0929509
0.0931879
0.493375
0.443389
1.1936
0.444001
0.394016
0.494179
0.44418
0.394193
0.544433
0.394643
0.394808
0.744973
0.395352
0.495366
0.445784
0.395798
0.395943
0.445957
0.846188
0.0963225
2.09634
0.44706
0.397074
0.397411
0.447425
0.447831
1.49799
0.99922
0.649235
0.599478
0.399493
0.399742
0.42627
0.576272
0.376285
0.626439
0.527029
0.427905
0.128605
0.479127
0.4301
0.480102
0.380114
0.480535
0.380549
0.130966
0.431113
0.481402
0.431417
0.481615
0.432167
0.532182
0.382327
0.432328
0.532341
0.433396
0.383411
0.184678
0.384692
0.435096
0.38511
0.536555
0.886556
1.33656
0.986569
0.536786
0.4368
0.437794
0.487795
0.387808
0.438203
0.388205
0.138216
0.188571
0.488572
0.438585
0.488852
0.63948
0.489481
0.439483
0.389495
0.139708
0.44098
0.390995
0.891157
0.791159
0.84116
1.09117
0.44143
0.641746
0.742152
0.942153
0.692166
0.442356
0.39237
0.442559
0.443034
0.393048
0.493342
0.443475
0.343476
0.393489
2.0439
0.394131
0.394323
0.694596
0.445117
0.645119
0.395131
0.495393
0.445395
0.345407
0.44563
0.396714
0.146729
0.747071
0.44723
0.397245
0.397668
0.497801
0.397815
0.448706
0.398721
1.49923
0.349398
0.149412
0.899739
1.19975
0.422318
0.372332
0.422689
0.372701
0.523928
0.473929
0.423931
0.373942
0.975455
0.875456
0.525458
1.02547
1.22562
1.17562
0.825638
0.426688
0.376703
0.426952
1.57734
0.427837
0.377852
0.428111
0.478113
0.378119
0.428513
0.478524
0.478987
0.428989
0.378998
0.429157
0.430405
0.480419
0.430573
0.380587
1.23102
0.881031
0.0812147
2.08122
1.98123
0.481378
0.381379
0.431385
0.481938
0.431953
0.432106
0.732107
0.782109
0.83211
0.682121
0.532319
0.482321
0.432322
0.382334
1.08368
0.783695
0.433947
0.483949
0.383962
0.484446
0.434461
0.434651
0.484665
0.434872
0.484874
0.384887
0.385055
0.435251
0.335252
0.385265
0.435631
0.436169
0.486183
0.0870611
0.437221
0.487223
0.187235
0.387394
0.43796
0.387974
0.638374
0.438388
0.388583
0.438725
0.488739
0.488947
0.338949
0.388962
1.08989
0.689892
0.739906
0.49005
0.440052
0.640053
0.390065
0.0902506
0.840684
0.541227
0.441229
0.391242
0.191623
0.391625
0.441638
0.0918868
0.442212
0.392226
0.692406
0.392421
0.442646
0.392661
0.442928
0.093328
1.89334
1.54367
0.443837
0.394339
0.344353
0.594498
0.444512
0.444747
0.494761
0.394924
0.444938
0.445302
0.395316
0.595515
0.445529
0.896819
0.796833
0.447233
0.497234
0.397247
0.397407
0.397548
0.347563
0.397767
0.398128
0.348142
0.0983728
0.398556
0.398793
0.44894
0.39915
0.399355
0.349369
0.449765
0.710739
0.422491
0.372505
0.772847
0.424293
2.02509
0.125109
0.425601
0.375616
0.125784
0.376084
0.426099
1.27649
0.926491
0.876492
0.826504
0.427032
0.377047
0.427362
0.128843
0.129008
0.129772
0.130986
0.431119
0.381133
0.131364
0.131767
0.432154
0.432487
0.382489
0.482502
0.182688
1.2831
0.733259
0.683273
0.433462
0.333477
0.133708
0.13399
0.434168
0.384182
0.834404
0.534614
0.434896
0.43546
0.435803
0.385817
0.536217
0.386231
0.436412
0.386426
0.336571
0.386572
0.286585
0.637104
0.387515
0.387702
0.337716
0.438123
0.388296
0.438507
0.43884
0.388841
0.389162
0.389408
0.389582
0.590075
0.540077
0.34065
1.04092
0.740932
0.391211
0.541226
0.491737
0.392444
0.342459
0.493014
0.193161
0.394481
0.445598
0.44579
0.446057
0.396072
0.396258
0.796408
1.39642
1.34691
1.24714
0.397698
0.397881
0.449097
0.349814
0.407991
0.420693
0.370707
0.47265
0.373175
0.42319
0.423343
0.373358
0.373914
0.423928
0.424288
0.0744708
0.425112
0.375126
0.425477
0.375627
0.425642
0.427049
0.180469
0.380471
0.330484
0.381027
0.0813749
0.081705
0.081861
0.432248
0.382263
0.08244
0.182572
0.382574
0.332587
0.182786
0.3828
0.0830492
0.433245
0.383259
0.384545
0.48475
0.434752
0.384764
0.884909
1.18491
0.784923
0.435434
0.0856895
0.0859175
0.0860735
0.0862925
0.386479
0.48648
0.436494
0.936716
0.33719
0.437205
0.0873996
0.0877836
0.0881227
0.488483
0.388485
0.338498
0.489241
0.389243
0.439256
0.639637
0.739639
0.689652
0.0898471
0.0900121
1.59022
1.29022
1.19022
0.840231
0.990813
0.491023
0.391201
0.341215
0.0914462
0.49178
0.391794
0.442326
0.39234
0.19253
0.392544
0.642713
0.393109
0.393256
0.393412
0.393604
0.393736
0.343751
0.744195
0.44454
0.394555
0.394906
0.39508
0.396279
0.346294
0.39666
0.346675
0.446879
0.398199
0.348213
0.398376
0.44839
0.648562
1.09858
0.398975
0.399395
0.399947
0.400778
0.402322
0.471274
0.371289
0.421955
0.37197
0.422289
0.372303
0.422658
0.372672
0.423232
0.373246
0.473592
0.173593
0.373601
0.423606
0.425539
0.37554
0.426709
0.376723
0.426868
0.376882
0.478942
0.428944
0.178945
0.378956
0.379503
0.429845
0.379859
0.480031
0.380045
0.480587
0.430589
0.380601
0.430827
0.380841
0.432257
0.382259
0.482272
0.432461
0.482462
0.382476
0.432812
0.382827
0.383241
0.433406
0.38422
0.485214
0.435216
0.385217
0.485778
0.385792
0.936018
1.28602
0.53602
0.886022
0.986032
0.386231
0.186232
0.486233
0.536245
0.436555
0.136557
0.386569
0.436836
0.487143
0.437145
0.387157
0.187338
0.387352
0.687515
0.887516
0.78753
0.837887
0.937889
0.887902
0.388463
0.338646
0.43885
0.388852
0.338865
1.28903
0.389504
0.489506
0.339519
0.889714
0.390263
0.390414
0.440415
0.340428
0.390833
0.39107
0.691217
0.391476
0.44149
0.391712
0.392132
0.392342
0.642516
0.39269
0.393178
0.393373
0.394239
0.39459
0.344605
0.394764
0.395148
0.395322
0.395655
0.496153
0.346168
0.946597
0.846612
0.446892
0.396906
0.997083
0.397225
0.447227
0.347239
0.397474
0.497488
0.398058
2.04845
0.0484602
0.398958
0.399114
0.549511
2.34988
0.0498944
0.423553
0.323567
0.423922
0.373936
0.424459
0.374473
0.424663
0.374677
0.425103
0.52545
0.325458
0.42631
0.376325
0.0766757
0.377078
0.378102
0.328116
0.428353
0.378365
0.378614
0.379184
2.57953
0.0795411
1.88005
0.88006
0.380237
0.0810562
0.0814673
0.931618
0.731632
0.831867
0.681868
0.731881
0.682134
0.732135
0.782148
1.18249
0.882508
0.0827664
0.0829854
0.183172
0.383186
0.0834535
0.383735
0.533877
0.383892
0.384453
0.184693
0.384708
0.0849117
0.88517
0.735185
0.386065
0.186417
0.386431
0.386626
0.386818
0.436969
0.486983
0.38716
0.387337
0.337352
0.537547
0.387958
0.388204
0.688445
0.638459
0.688717
0.388954
0.389128
0.389494
0.389917
0.390146
0.390428
0.390656
0.390893
0.391148
0.39172
0.391921
0.39209
0.342104
0.3925
0.392683
0.392848
0.693196
0.793361
0.343809
0.394514
0.394865
0.295532
0.695991
0.39621
0.74637
0.596384
0.396762
0.39732
0.747681
0.697682
0.847695
0.348256
0.398412
0.0985954
0.0987604
0.0989795
0.399171
0.39973
0.0998856
0.100172
0.116944
0.418582
0.918584
0.368597
0.419682
0.819697
0.427147
0.377161
0.377698
0.427713
0.378571
0.428923
0.630166
1.13031
0.880322
0.380508
0.380887
0.831266
0.381281
0.931804
0.681819
0.832053
0.382068
0.382326
0.382695
0.382863
0.183241
0.383256
0.383415
0.383776
0.83379
0.384352
0.435389
0.38539
0.385762
0.685985
0.635999
0.386203
0.73635
0.386671
0.387028
0.438166
0.388181
0.638481
0.988496
0.388745
0.389009
0.389192
0.390374
0.340389
0.390656
0.390833
0.391512
2.24222
0.392584
0.392976
0.393381
0.393733
0.343747
0.39396
0.394206
0.44454
0.39486
0.395143
0.395299
0.395572
0.395896
0.445911
0.396178
0.946538
0.696553
0.346973
0.396988
0.397636
0.34765
0.39801
0.448206
0.39822
0.398383
0.348384
0.848397
0.398619
0.749015
0.399207
0.64934
1.04935
0.399549
0.399696
0.399843
0.400044
0.419893
0.673586
0.923587
0.573601
0.473748
0.37376
0.423904
0.424531
0.474546
0.424915
0.875467
0.87562
0.775622
1.32562
0.725635
0.377629
0.177631
0.327643
0.929066
0.82908
0.42927
0.379272
0.879284
0.429621
0.379635
0.0800315
0.480164
0.380179
0.0804546
0.430596
0.380611
0.0807696
0.430902
0.380917
0.381289
0.0816098
0.0817838
0.831931
0.0822608
0.0825999
0.0827608
2.28277
0.0830499
0.633308
0.583323
0.533486
0.4835
0.183882
0.383896
0.0841693
2.48418
0.0844121
0.736545
0.386902
0.0872231
0.187496
0.387661
0.788063
0.588255
0.588875
0.839245
0.939259
0.389454
0.390194
0.390336
0.34035
0.740582
0.390828
0.39126
0.391401
0.891416
0.391575
0.441797
0.391799
0.491812
0.392088
0.392334
0.39249
0.392709
0.442941
0.392955
0.393177
0.393423
0.893633
0.394119
0.444133
0.394319
0.394556
0.394838
0.345003
0.395159
0.395333
0.395739
0.39594
0.746123
0.396465
0.34648
0.396894
0.397486
0.397696
0.397924
0.398089
0.398404
0.148419
0.398686
0.398833
0.399115
0.39931
0.149325
0.399538
1.29979
0.599789
0.899802
0.420632
0.422213
0.372227
0.122903
0.42319
0.124046
0.924554
0.374569
0.377399
0.327413
0.428897
0.378911
0.681229
0.781244
0.132297
0.432429
0.382431
0.432615
0.33263
0.332879
0.433232
0.433595
0.383597
0.78442
0.635153
0.235523
0.435524
0.385537
0.385904
0.435918
0.586341
0.386834
0.437164
0.38786
0.439717
0.389727
0.440164
0.390172
0.490721
0.390736
1.29093
0.740926
0.79094
0.391513
0.591664
0.641678
0.441822
0.391837
0.392071
0.442086
0.39229
0.392683
1.19287
0.393881
0.343896
0.394055
0.394421
0.394709
0.144724
0.395093
0.395294
0.395477
0.395705
0.395951
0.396206
0.396545
0.396906
0.397308
0.747812
0.398031
0.398433
0.398625
0.399
0.349396
0.399411
0.399681
0.449696
0.399981
0.411949
0.413647
0.363661
0.420697
0.370711
0.421817
0.171818
0.371829
0.422063
0.372078
0.422597
0.372612
0.423021
0.373035
0.42338
0.373395
0.423575
0.37359
0.423744
0.373758
0.424287
0.374301
0.625271
0.775792
0.725806
0.429299
0.379301
0.179314
0.429905
0.180363
0.130378
0.730522
1.33052
0.780537
0.53111
0.43135
0.431545
0.432079
0.432617
0.382632
0.432953
0.382968
0.383634
0.433636
0.483649
0.184566
0.0845827
0.384737
0.434751
0.0850706
2.28508
0.0855278
0.0859208
0.0863089
0.386711
0.437023
0.737174
1.03718
0.587188
0.387455
0.087602
0.087749
0.437941
0.0882141
0.78874
0.688754
0.389034
0.339048
0.0893062
0.0896902
0.0905682
0.440755
0.390769
0.39095
0.440964
0.44133
0.791344
0.541999
0.742
0.692013
0.0921815
0.792395
0.74241
0.392809
0.342824
0.843214
1.24322
0.693229
0.643397
0.393772
0.644003
0.694005
0.994018
0.394186
0.744399
1.2444
0.694414
0.394582
0.394774
0.395113
0.395377
0.39565
0.395815
0.396736
0.396931
0.346946
0.39724
0.397672
0.397904
0.347918
0.39814
0.398368
0.398528
0.998542
0.39871
0.398866
0.399062
0.349076
0.399457
0.399604
0.349787
0.39992
0.349935
0.41699
0.367004
0.418344
0.368358
0.421265
0.371279
0.421749
0.471751
0.371763
0.42353
0.373543
0.4244
0.375055
0.425057
0.17507
0.42604
0.376042
0.426373
0.376387
0.377222
0.128228
0.47977
0.379772
0.429785
1.13001
0.630011
0.580025
0.430568
0.430728
0.380742
0.43191
0.381925
0.682261
0.782627
0.432951
0.433134
0.133398
0.384437
0.884438
0.584439
0.634451
0.13461
0.134847
0.63498
0.884981
0.584994
0.385189
0.435331
0.385345
0.385571
0.435931
0.385946
0.386536
0.38692
0.587112
0.187463
0.387478
0.387802
0.387952
0.337967
0.389226
0.339241
0.439476
0.389818
1.03983
0.340672
0.39068
0.391515
0.341529
0.391697
0.392217
0.342231
0.39239
0.392813
0.392987
0.393246
0.343261
0.393597
1.0436
0.343612
0.393855
0.14387
0.394248
0.74444
0.394782
0.394965
0.395142
0.295157
0.695325
0.445952
0.395967
0.396474
0.396621
0.397032
0.347438
0.39744
0.297452
0.397866
0.398244
0.398445
0.399369
0.399516
0.399753
0.400204
0.415869
0.416718
0.366733
0.618695
0.418878
0.419912
0.369926
0.370079
0.170094
0.0702528
0.370732
0.0729002
0.423705
0.373719
0.723927
0.823928
0.473941
0.724278
0.674292
0.374803
0.424817
0.425013
0.725172
0.675187
0.0754176
0.0760987
0.426642
1.277
1.07702
0.0772207
0.0774218
0.0777968
0.178055
0.428057
0.37807
1.27842
0.428439
1.47859
0.928594
1.07861
0.428847
0.079039
0.079276
0.07945
0.429824
0.379838
0.380109
1.08012
0.0809652
0.181347
0.381361
0.0816282
0.582177
0.38236
0.0826333
0.0827984
0.432981
0.3832
0.38353
0.383813
0.384086
0.68429
0.584305
0.384491
0.384674
0.384848
0.385271
0.385932
0.386169
0.386388
0.38662
0.336634
0.387039
0.38724
0.137418
0.337432
1.03783
0.387833
0.537846
0.438192
0.388206
0.388383
0.388803
0.689013
0.389259
0.389665
0.339679
0.390102
0.390522
0.390687
0.440942
0.39124
0.341255
0.391423
0.391678
0.441918
0.391933
1.64218
0.392378
0.342392
0.442537
0.392551
0.39271
0.39301
0.343025
0.293193
0.394021
0.394378
0.394538
0.344552
0.394933
0.0951071
0.395272
0.395704
0.396097
0.396284
0.346298
0.396592
0.0968114
0.547706
0.49772
0.698823
0.798838
0.399216
0.399394
0.349408
0.699603
0.349795
0.399969
0.421654
0.371668
0.421822
1.12211
0.372125
0.97282
0.872821
0.372834
0.172979
0.372993
0.67397
1.27398
0.625916
0.626291
0.176468
0.37647
0.326483
0.726828
0.676843
0.377413
0.427596
0.429142
0.379157
0.379676
0.38172
0.382077
0.182378
0.382392
0.38277
0.683095
0.933109
0.38334
0.333899
0.384442
0.385318
0.335328
0.385875
0.38637
0.386738
0.3879
0.388101
0.388512
0.388686
0.888846
0.58886
0.739031
1.28905
0.389218
0.339219
0.139232
0.390884
0.391112
0.391385
0.391709
0.391955
0.392156
0.392339
0.392589
0.393155
0.443564
0.393579
0.393984
0.34417
0.394705
0.34472
0.3949
0.344915
0.395074
0.39523
0.895398
0.545413
0.395572
0.395903
0.396122
0.647553
0.44789
0.397904
0.398121
0.398708
0.548904
0.398918
0.399341
0.34971
0.399951
0.349965
0.0687959
0.0696651
0.420442
0.170443
0.370456
1.37085
0.720852
1.07087
0.421373
0.0715204
0.672205
0.72222
0.672928
0.0730746
0.42327
0.373285
0.423453
0.373831
0.423846
0.424312
0.374327
0.0745308
0.0746868
0.425819
0.676125
0.57614
0.376353
0.42699
0.377004
0.427176
0.37719
0.377376
0.0775413
0.0780003
0.0783603
0.428814
0.378828
0.429818
0.380501
0.430792
0.480807
0.0811758
0.381332
0.381933
0.382197
0.382545
0.083034
0.733445
0.183592
0.0837391
0.384424
0.0848352
0.0850812
0.385309
0.185715
0.385729
0.185901
0.385915
0.386119
0.636288
0.836302
0.0864885
0.386805
0.33706
0.387288
0.637629
0.587983
0.637998
0.738367
0.388514
0.388706
0.638937
0.588952
0.940603
0.640604
0.590617
0.391022
0.391406
0.391634
0.39179
0.392178
0.342192
0.392378
0.39278
0.3932
0.393374
0.393917
0.344251
0.0942654
0.694437
1.74445
0.394659
0.144673
1.19487
0.594886
0.645094
1.1951
0.745097
0.695109
0.395403
0.395662
0.145676
0.395847
0.396021
0.397413
0.397587
0.397779
0.347926
0.398208
0.398409
0.398664
0.398919
0.399222
0.399441
0.699744
0.849945
0.423913
0.373927
0.374482
0.425
0.375002
0.425707
0.375721
0.427843
0.377858
0.428544
0.178545
0.378558
0.430106
0.38012
0.731723
1.23174
0.182056
0.732242
0.682256
0.432725
0.382739
0.533659
0.483673
0.383832
0.434029
0.384043
0.384187
0.334202
0.434373
0.384388
0.384826
0.435255
0.135594
0.385915
0.586326
0.336473
0.386951
1.18751
0.189256
0.389765
0.390108
0.390262
0.441088
1.24123
0.741244
0.391398
0.391572
0.391935
0.34195
0.392328
0.392493
0.393201
0.343469
0.393904
0.394172
0.344186
0.394453
0.395596
0.345611
0.395828
0.345842
0.396037
0.39631
0.546652
0.396907
0.397454
0.397664
0.397988
0.398448
0.398661
0.348676
0.398952
0.399264
0.399501
1.34969
1.1497
0.399879
0.400026
0.402679
0.405374
0.355381
0.155398
0.415133
0.365147
0.416051
0.421847
0.422401
0.872543
0.572544
0.622557
0.423728
0.373742
0.427539
0.377554
0.0781237
0.878284
0.628285
1.2783
0.428647
0.378661
0.0790129
0.429187
0.379334
1.27987
0.680225
0.730239
0.430447
0.380461
0.381524
0.431538
0.431889
0.832094
0.632108
0.43249
0.332504
0.0827353
0.0830436
2.58306
0.383228
0.433242
0.0835004
0.433647
0.383848
0.434244
1.18465
0.734655
1.33467
0.334921
0.384936
0.385194
0.485578
0.435995
0.38601
0.736538
1.08654
0.686553
0.186733
0.386748
0.0870988
0.0873268
0.0875549
0.0877289
0.0881219
1.08849
1.33849
0.7385
0.388749
0.089676
0.38994
0.440168
0.0905071
0.190855
0.0911011
0.191243
0.391257
0.741492
1.04151
0.641728
0.392085
0.39246
0.392607
0.442844
0.393018
0.393201
0.393421
0.393589
0.343604
0.394009
0.744351
0.394534
0.394726
0.144936
0.395177
0.345191
0.395386
0.395626
0.345641
0.395809
0.395996
0.34601
0.396409
0.396641
0.446655
1.34691
0.397132
0.447525
0.397753
0.398543
0.398891
0.399083
0.39924
0.399408
0.349423
0.0995906
0.399942
0.419984
0.672106
1.02212
0.72451
0.524525
0.425158
0.37516
0.125413
0.475749
0.425751
0.375764
0.426148
0.376163
0.378237
0.42858
0.378594
0.62887
0.179012
0.379013
0.429026
0.379532
0.129861
0.430003
0.380017
0.430225
0.380239
0.630479
0.431807
0.432204
0.382218
0.732503
0.732777
1.33371
0.333904
0.133905
0.383919
0.434135
0.334143
0.38415
0.384486
0.435145
0.435726
0.736263
0.686278
0.586437
0.186656
0.337687
0.388786
0.389137
0.389296
0.389482
0.389982
0.489992
0.390476
0.440984
0.340998
0.441214
0.391229
0.441442
0.391625
0.391794
0.341808
0.392102
0.392276
0.392687
1.09291
0.742924
0.593195
0.543209
0.393368
0.393908
0.394238
0.394475
0.39479
0.395151
0.345165
0.395369
0.395552
0.395789
0.395936
0.396195
0.346196
0.396633
0.3969
0.346915
0.397182
0.397383
0.347713
0.39795
0.398298
0.398457
0.348472
0.398766
0.399721
0.349722
0.449735
0.400011
0.411302
0.361316
0.414059
0.416447
0.772536
1.42255
1.12373
1.07373
0.723745
1.02413
0.724131
1.42414
0.374289
0.424303
0.425421
0.375432
0.375648
0.425663
0.626802
0.576816
0.0769749
0.077665
0.378354
0.328369
0.628996
0.429238
0.379251
1.02994
1.27994
0.679955
0.430109
0.380123
0.0803634
0.880564
0.0808766
0.0810416
0.381462
0.0816086
0.382764
0.433143
0.383157
0.383442
0.0836068
0.0838079
0.0839999
0.0842939
0.0845759
0.0847589
0.0851699
0.385509
0.43598
0.385995
0.336226
0.186524
0.386538
0.0868141
0.387144
0.43751
0.687765
0.388597
1.08898
0.63898
0.688993
0.389408
0.439751
0.389753
0.339765
0.390059
0.4403
0.390314
0.390746
0.190951
0.440953
0.390966
0.341311
0.391584
0.191824
0.391839
0.392446
0.392821
0.393226
0.393427
0.393765
0.343779
0.393938
0.394106
0.344121
0.344388
0.394729
0.395107
0.395321
0.345335
0.445552
0.345554
0.395555
0.495566
0.395788
0.395953
0.396235
0.396601
0.396865
0.897088
0.59709
0.647102
0.447492
0.397756
0.398141
0.398703
0.399042
0.399639
0.400012
0.350026
0.3798
0.380295
0.430701
0.380715
0.431034
0.381035
0.431394
0.381408
0.431561
0.181563
0.381576
0.431729
0.381731
0.132731
1.08324
0.733257
1.53351
0.783511
0.683512
0.733524
0.633911
0.734089
1.08409
0.684103
0.384526
0.3847
0.684968
0.634982
0.435172
0.385186
0.735358
0.685372
0.636099
0.186286
0.3863
0.636459
0.336696
0.386865
0.387333
0.637679
0.837694
0.38788
0.438403
0.138418
0.338794
0.288809
0.38945
0.339465
0.39005
0.790227
0.690242
0.340651
0.391147
0.341161
0.39178
0.341795
0.392191
0.742548
0.392794
0.393136
1.04352
0.643532
1.04423
1.44424
0.444397
0.394411
0.394993
0.395127
0.545141
0.395555
0.39596
0.345975
0.3962
0.146202
0.346215
0.396368
0.346383
0.396596
0.396806
0.397196
0.447538
0.397553
0.397922
0.398204
0.698444
1.04846
0.398726
0.398963
0.3992
0.399365
0.399785
0.399932
0.422366
0.37238
0.422659
0.372674
0.423214
0.373229
0.373406
0.423568
0.373583
0.424
0.424186
0.374201
0.474699
0.42511
0.425339
0.325347
0.425519
0.375533
0.625947
0.426107
0.376121
0.42628
0.426673
0.226806
0.427157
0.377172
0.377523
0.0778887
0.0781167
0.428258
0.378273
0.428991
0.379005
0.779218
0.429383
0.179643
0.079656
0.08007
0.180334
0.0805621
0.631298
0.781312
0.0815702
0.43182
0.381834
0.0822332
0.632648
0.382867
0.383081
0.333095
0.0834574
0.683862
0.0841745
0.384522
0.734682
1.0347
0.385057
0.38533
0.385741
0.38608
0.386476
0.636854
0.836869
0.387064
0.38743
0.387796
0.387938
0.337952
0.388201
0.388603
0.388996
0.389251
0.389497
0.38999
0.391146
0.391652
0.391835
0.692186
0.392405
0.342799
0.392955
0.49336
0.643828
0.393993
0.344176
0.394425
0.34444
0.0947068
0.0951208
0.0953308
0.345577
0.395805
0.0960779
0.0962879
0.446612
0.196627
0.397023
0.397389
0.097572
0.397737
0.398106
0.648938
1.04894
0.698952
0.59936
0.399726
0.372612
0.423811
0.624061
0.574075
0.174716
0.424718
0.37473
0.375145
0.375782
0.375974
0.426518
0.377234
0.377792
0.427924
0.177926
0.377939
0.131656
0.632266
0.38228
0.382914
0.433241
0.383256
0.383424
0.383571
0.184295
0.384309
0.384723
0.38545
0.3856
0.435615
0.436
0.386014
0.386432
0.436433
0.386779
0.387158
0.437652
0.437812
0.387826
0.58819
0.388204
0.388376
0.539234
0.389407
0.340713
0.391236
0.391387
0.441388
0.341401
0.391609
0.341623
0.59189
0.392113
0.342127
0.392307
0.342322
0.392499
0.643016
0.59303
0.393252
0.393489
0.743717
0.6439
0.444096
0.39411
0.394479
0.394662
0.394827
0.745371
0.645372
0.695385
0.395539
0.445553
0.395767
0.346109
0.446111
0.396124
0.396557
0.697073
0.797088
0.0475677
0.397946
0.347961
0.848321
0.648651
0.398924
0.399987
0.423206
0.37322
0.42374
0.674271
0.674463
0.0747093
0.725238
0.625252
0.426245
0.37626
0.0771176
0.377758
0.0780987
0.678593
0.628607
0.0787928
0.37915
0.0795539
0.429899
0.379914
0.680484
0.080868
0.081556
0.081868
0.0822911
0.382546
0.0828012
0.383074
0.383329
0.0837163
0.0841273
0.434301
0.385014
0.0854195
0.0856295
0.435981
0.385996
0.386209
0.386365
0.386611
0.386884
0.637121
0.687286
0.38746
0.38788
0.388036
0.7383
0.388447
0.388639
0.388858
0.389122
0.389395
0.489774
0.339788
0.689969
0.73997
1.03998
0.840329
0.590343
0.390694
0.390872
0.140886
0.391438
0.391648
0.391916
0.441917
0.141919
0.34193
0.392224
0.392371
0.392609
0.392783
0.392951
0.342966
0.393152
0.543509
0.343915
0.393929
0.394196
0.594374
0.344388
0.394574
0.394781
0.344793
0.395042
0.395306
1.09552
0.695521
0.645534
0.395765
0.395966
0.44614
0.396305
0.396533
0.396863
0.39701
0.347283
0.397605
0.397989
0.398235
0.398448
0.348463
0.398667
0.398814
0.0995438
0.418861
0.420837
0.371309
0.67165
0.171956
0.426283
0.376297
0.227925
0.37794
0.728323
0.628338
0.628782
0.381485
0.431644
0.383217
0.383448
0.38379
0.384402
0.385269
1.03564
0.338522
0.638825
0.189089
0.389245
0.439476
0.389491
0.389899
0.339914
0.39031
0.390529
0.390917
0.440931
0.441121
0.391123
0.341135
0.391705
0.391901
0.441903
0.341915
0.392705
0.342838
0.39284
0.393202
0.393358
0.393772
0.393991
0.394246
0.394771
0.344786
0.394957
0.344972
0.445143
0.345158
0.395425
0.395617
0.395764
0.396001
0.396157
0.396394
0.396631
0.396952
0.397207
0.697829
0.39803
0.398444
0.398822
0.399063
0.599077
0.399246
0.399483
0.449789
0.399804
0.399984
0.349999
0.709822
0.412049
0.419004
0.419137
0.0699514
0.420276
0.420622
0.370636
0.420946
0.370961
0.422498
0.372512
0.422872
0.423005
0.373019
0.423548
0.373562
0.423992
0.424642
0.374656
0.52481
0.674824
0.675344
0.725358
0.62553
0.575544
0.3766
0.377093
0.427107
0.427261
0.177262
0.377275
0.427668
0.37768
0.078451
0.37934
0.0808732
0.0813592
0.0821613
0.0825363
0.0827913
0.0830013
0.383247
0.0834034
0.433809
0.383823
0.0842555
0.0853857
0.635545
0.58556
0.635992
0.838794
0.588808
0.438994
0.739135
1.03915
0.089354
0.439742
0.389756
0.740111
0.690112
0.640125
0.44048
0.390494
0.740807
0.690821
0.341092
0.291106
0.191323
0.391324
0.341337
0.391688
0.742031
1.04205
0.442199
0.392213
0.192604
0.392618
0.592808
0.642823
0.593021
0.543036
0.39345
0.393651
0.393891
0.343906
0.394167
0.344182
0.39444
0.394761
0.394971
0.395181
0.395355
0.645595
0.845597
0.59561
0.395799
0.345814
1.04622
0.646237
0.39645
0.39661
0.146624
0.396864
0.397248
0.39765
0.397806
0.398212
0.398861
0.39912
0.149134
0.399369
0.349383
0.399569
0.399938
0.408893
0.410437
0.360451
0.418391
0.368405
0.420075
0.420445
0.37046
0.423001
0.373015
0.423268
0.373282
0.423549
0.424023
0.424994
0.375009
0.125369
0.126049
0.126596
0.426738
0.376739
0.427695
0.377709
0.42804
0.378054
0.378427
0.328441
0.428636
0.429453
0.129801
0.380203
0.430426
0.38044
0.430956
0.381103
0.431254
0.381269
0.381807
0.381963
0.532159
0.382161
0.282173
0.682755
0.182897
0.382911
0.233323
0.383324
0.383733
0.38391
1.03456
0.385223
0.385625
0.385844
0.735977
0.685991
0.436204
0.386432
0.386642
0.387176
0.389166
0.389421
0.639595
0.390012
0.140027
0.390204
0.390747
0.391942
0.3928
0.392992
0.393139
0.393757
0.393949
0.394213
0.39445
0.394606
0.39476
0.144771
0.195312
0.395324
0.395867
0.396104
0.396251
0.596524
0.696773
0.646788
0.396932
0.346947
0.397146
0.297511
0.397766
0.397976
0.398168
0.698507
0.59869
0.048954
0.04911
0.0493021
0.699551
0.649566
0.599752
0.600016
0.075822
0.426008
0.376023
0.176736
0.376751
0.877102
0.427348
0.427982
0.177983
0.377996
0.0782362
0.0790659
0.37908
0.0793295
0.0794945
0.0796955
0.0799915
0.430301
0.380316
0.0805286
0.0808316
0.381114
0.431291
0.381306
0.43172
0.381912
0.332107
0.382122
0.432522
0.382536
0.4329
0.382914
0.0833489
0.883622
0.384172
0.434452
0.384466
0.0846611
0.0850271
0.385178
0.335179
0.435192
0.685364
0.635378
0.385714
0.385861
0.436026
0.386324
0.436338
0.386747
0.336761
0.336933
0.386947
0.387383
0.387629
0.387875
0.388234
0.388567
1.03872
0.38887
0.439363
0.389377
0.390084
0.390321
0.390594
0.390951
0.391098
0.341353
0.3915
0.391674
0.391848
0.392142
0.392383
0.342397
0.592811
0.39303
0.393253
0.343267
0.693511
0.643525
0.393712
0.393994
0.394216
0.344231
0.394429
0.344444
0.39481
0.344825
0.395038
0.845261
0.595275
0.395479
0.39568
0.395908
0.396064
0.396214
0.346229
0.39646
0.396848
0.346862
0.397364
0.397524
0.597538
0.398477
0.348491
0.398881
0.0992834
0.399593
0.349607
0.399922
0.367482
0.430985
0.381
0.731171
0.681186
0.381363
0.631523
0.581524
0.831537
0.431727
0.382215
0.732365
1.03238
0.432708
0.382722
0.133028
0.433224
0.383225
0.383948
0.433962
0.384256
0.434443
0.384457
0.334724
0.435103
0.385117
0.385298
0.385672
0.3859
0.736078
0.686092
0.386938
0.387121
0.437307
0.387322
0.587809
0.387965
0.388112
0.338304
0.388463
0.388978
1.03913
0.389317
0.389642
0.339656
0.389923
0.640137
0.590151
0.390716
0.740953
0.3911
0.391323
0.391769
0.39197
0.392171
0.392511
0.392925
0.393066
0.343081
0.393249
0.393642
0.393856
0.44387
0.744029
0.194416
0.394431
0.394977
0.344992
0.395196
0.395718
0.395895
0.396028
0.396592
0.346606
0.396783
0.347108
0.397478
0.398051
0.348065
0.698783
0.398978
0.448993
0.399602
0.349617
0.849812
0.471136
0.42115
0.422128
0.372142
0.872511
0.673006
0.0731982
0.424004
0.474018
0.0743964
0.0745884
0.0750775
0.176097
0.376112
0.726382
0.676397
0.0769527
0.0778077
0.378201
0.328357
0.579021
0.0791859
0.579711
0.079903
0.080059
0.080612
0.081116
0.0815181
0.381683
0.0820161
0.382505
0.383061
0.333075
0.0832343
0.0834173
0.383672
0.183918
1.03446
0.384708
0.434964
0.385138
0.385357
0.386017
0.386164
0.386497
0.386743
0.387046
0.387698
0.387908
0.388131
0.338145
0.189187
0.389201
0.389432
0.339828
0.389975
0.390194
0.390605
0.391191
0.391428
0.341656
0.391986
0.392362
0.392728
0.392911
1.04304
0.693058
0.393364
0.393551
0.343565
0.344009
0.394315
0.394493
0.344507
0.394786
0.344801
0.095143
0.3955
0.395665
0.395875
0.396121
0.396358
0.396737
0.346751
0.346946
0.147333
0.597538
0.79754
0.547552
0.398159
1.04899
0.749003
0.399486
0.399897
0.416268
0.316283
0.416436
0.366451
0.378047
0.428062
0.428461
0.378476
0.429698
0.180181
0.380183
0.430196
0.180533
0.480534
0.380535
0.330547
0.180706
0.331039
0.181172
0.381173
0.432189
0.382203
0.432429
0.182431
0.382443
0.683836
0.783851
0.43425
0.384252
0.334265
0.434473
0.384487
0.384673
0.435001
0.385706
0.636
0.586015
0.386232
0.436246
0.38666
0.386807
0.787141
0.437143
0.387155
1.08735
0.687368
0.437531
0.387545
0.387876
0.78789
0.63825
0.788647
0.388661
0.389061
0.389804
0.139811
0.340201
0.341371
0.391382
0.441541
0.39155
0.392527
0.342541
0.793105
0.743421
0.693435
0.393688
0.793702
0.443919
0.393933
0.394309
0.794323
0.3945
0.394737
0.39487
0.344884
0.395224
0.345238
0.39561
0.395788
0.345802
0.39618
0.396412
0.346426
0.396679
0.146693
0.397236
0.347251
0.397578
0.397827
0.147842
0.398019
0.39816
0.348175
0.39837
0.398565
0.749106
0.749523
0.699538
0.399736
0.349751
0.400169
0.418501
0.368515
0.368937
0.41915
0.369164
0.419501
0.369516
0.719705
0.66972
0.419918
0.369933
0.420226
0.370241
0.720604
0.420778
0.371171
0.571348
0.42154
0.422048
0.372062
0.072257
0.422626
0.822641
0.0733492
0.423491
0.373505
0.0738473
0.0742713
0.424848
0.425539
0.625843
0.826334
0.376349
0.727054
0.0772997
0.0774647
0.0779397
0.378664
0.0789938
0.0791768
0.0793959
0.829765
0.37978
0.380348
0.0811761
0.381381
0.431395
0.631787
0.581801
0.732005
0.382152
0.382317
0.182558
0.382572
0.0829773
0.833133
0.383556
0.383721
0.384187
0.334202
0.634433
0.38494
0.534955
0.385498
0.385918
0.6362
0.386392
0.386629
0.386848
0.38719
0.337205
0.387409
0.38773
0.3883
0.388456
0.388666
0.388925
0.338939
0.389224
0.739452
0.739822
0.689823
0.639836
0.390058
0.390223
0.0906644
0.391003
0.641277
0.391535
0.34155
0.841739
0.341754
0.392021
0.0922936
0.392769
0.642919
0.692934
0.393312
0.0937138
0.693861
0.694053
0.344218
0.394401
0.394566
0.594785
0.694968
0.39537
0.295643
0.345844
0.596
0.346255
0.146447
0.496729
0.696984
0.69714
0.397975
0.348791
0.349184
0.149439
0.65006
0.35137
0.116336
0.117368
0.373821
0.323832
0.374294
0.374442
0.375604
0.377958
0.382
0.88201
0.432415
0.43345
0.383619
0.433633
0.433778
0.383792
0.384262
0.434276
0.384673
0.384805
0.33482
0.685198
0.385381
0.385594
0.335609
0.385981
0.386483
0.386648
0.38684
0.386987
0.387138
0.387566
0.437716
0.387731
0.387899
0.388073
0.390238
0.290252
0.390456
0.390777
0.391954
0.392365
0.392548
0.393578
0.343592
0.443983
0.393998
0.394784
0.395159
0.595546
0.645879
1.04589
0.446129
0.39613
0.346143
0.396476
0.59665
0.397199
0.397586
0.397902
0.347916
0.39843
0.848991
0.399228
0.39937
0.349384
0.399597
0.412567
0.365238
0.567602
0.717617
1.06916
0.420074
0.370088
0.47091
0.370924
0.872044
0.622058
0.872361
0.572375
0.422538
0.372553
0.372898
0.373354
0.423356
0.323369
0.42375
0.373765
0.425708
0.375722
0.075971
0.476332
0.176334
0.376335
0.426346
0.426505
0.0767061
0.0772013
0.0778984
0.0785934
0.628744
0.828758
1.0789
0.478905
0.728917
0.379294
0.429309
0.379513
0.379672
0.429687
0.430248
0.0803947
0.0808088
0.0810458
0.0812198
0.0814928
0.731694
0.682011
1.03203
1.03256
0.432891
0.382892
0.332905
0.383077
0.433078
0.33308
0.283091
0.73349
0.633492
1.03351
0.383673
0.434016
0.38403
0.384435
0.384582
0.0849213
0.385281
0.385464
0.385611
0.385848
0.0863074
0.386508
0.387196
0.187364
0.387379
0.387538
0.387775
0.0888467
0.0892077
0.390244
0.3904
0.390935
0.391274
0.391661
0.191676
0.391952
0.442175
0.392178
0.342189
0.392393
0.392594
0.392795
0.393174
0.343188
0.393623
0.393962
0.394158
0.444172
0.444317
0.344331
0.394566
0.34458
0.395109
0.395469
0.445644
0.646034
0.796036
0.596049
0.146301
0.346316
0.396547
0.397115
0.39728
0.397431
0.347445
0.348063
0.0984219
0.398839
0.348854
0.349116
0.39913
0.69949
0.2997
0.0999821
0.563877
0.364754
0.415461
0.365475
0.421327
0.371329
0.422112
0.372127
0.723816
0.573817
0.62383
0.724181
0.17674
0.376754
0.627407
0.827421
0.377912
0.879054
0.679055
0.629057
0.579068
0.379605
0.629947
0.579962
0.730376
0.380697
0.432798
0.3828
0.733122
0.683136
0.733358
0.383617
0.384211
0.38483
0.385526
0.385781
0.386078
0.336093
0.386516
0.736735
0.587017
0.387374
0.387569
0.487571
0.437584
0.387894
0.388424
0.388776
0.43879
0.738994
0.389267
0.389642
0.390436
0.390716
0.391103
0.341118
0.391481
0.391631
0.341646
0.391841
0.392087
0.392438
0.44244
0.142453
0.392657
0.39317
0.39377
0.394337
0.395132
0.395315
0.395462
0.395618
0.39576
0.345774
0.396005
0.39632
0.396801
0.447744
0.347758
0.39793
0.347944
0.398102
0.448103
0.348112
0.398692
0.0753704
0.425776
0.37579
0.426021
0.426172
0.376187
0.776367
0.376382
0.426634
0.376649
0.726985
0.677
0.377177
0.477444
0.427459
0.427621
0.327636
0.427916
0.37793
0.728129
0.67813
0.628143
0.078347
0.628512
0.078722
0.079004
0.079965
0.0801661
0.0805681
0.630773
0.580787
0.380946
0.0811652
0.381393
0.381745
0.331759
0.381981
0.382245
0.0826294
0.382893
0.383085
0.383482
0.183496
0.383746
0.433896
0.383911
0.734181
0.684196
0.0843546
0.0845287
0.0847207
0.0849577
0.0853237
0.0854707
0.0858577
0.386062
0.336077
0.386362
0.336536
0.386809
0.737202
0.38743
0.387622
0.387895
0.388087
0.38827
0.388493
0.338507
0.388666
0.388813
0.189081
0.389095
0.389281
0.389455
0.389701
0.390031
0.390223
0.390442
0.390652
0.390926
0.391256
0.391484
0.391877
0.392055
0.342069
0.342237
0.392384
0.342652
0.392653
0.142666
0.39287
0.343084
0.393098
0.39368
0.394211
0.394541
0.394724
0.395241
0.345255
0.396009
0.396432
0.396771
0.397126
0.34714
0.597566
0.647741
0.348065
0.19808
0.498293
0.69844
0.348773
0.398992
0.349505
0.349985
0.727264
0.377465
0.428271
0.328286
0.728622
0.678624
1.02864
0.378805
0.379175
0.429176
0.379678
0.38008
0.430281
0.380665
0.380915
0.330929
0.381119
0.381448
0.382006
0.382225
0.382408
0.382564
0.382886
0.183282
0.383297
0.633558
0.583573
0.383879
0.334413
0.384428
0.384608
0.334623
0.384795
0.385142
0.38537
0.385739
0.386569
0.636806
0.386962
0.387199
0.387481
0.387847
0.388016
0.388417
0.388573
0.438973
0.338987
0.839132
0.589146
0.389551
0.389738
0.390167
0.390402
0.440689
0.391617
1.04205
0.392241
0.392704
0.842977
0.393343
0.39349
0.343754
0.393964
0.394246
0.394483
0.394742
0.39496
0.395356
0.195809
0.39623
0.396389
0.396719
0.646893
0.397313
0.0481258
0.0483268
0.348573
0.59881
0.399024
0.349038
0.0493229
0.699587
0.299752
0.749929
0.699944
0.0663329
0.368151
0.0709778
0.0714319
0.0718279
0.072649
0.073018
0.073174
0.373708
0.175509
0.375523
0.0758473
0.0763824
0.0766104
0.0770785
0.0778977
0.428316
0.378331
0.0788967
0.729257
1.12926
0.679272
0.179435
0.379437
0.329449
0.729992
1.08015
0.630787
0.530801
0.381152
0.381299
0.431432
0.381446
0.381632
0.731779
0.382287
0.382644
0.832858
0.532872
0.383286
0.384007
0.384172
0.38446
0.334475
0.384643
0.384835
0.435177
0.385192
0.38536
0.386132
0.386279
0.386525
0.386945
0.387302
0.387494
0.388326
0.388651
0.338665
0.38886
0.389115
0.339518
0.389749
0.339764
0.390058
0.390418
0.340433
0.64061
0.441007
0.391021
0.391348
0.341363
0.391585
0.391816
0.341831
0.592008
0.39229
0.3925
0.592911
0.393148
0.393313
0.393577
0.393805
0.394189
0.394354
0.344501
0.395186
0.3452
0.395585
0.3456
0.395849
0.397847
0.398261
0.398666
0.348681
0.699059
0.649507
0.549508
0.599521
0.399944
0.413909
0.363924
0.721484
0.471499
0.621652
0.571667
0.172637
0.372639
0.322652
0.723271
0.373949
0.424464
0.426967
0.429056
0.37907
0.379749
0.429763
0.429944
0.379945
0.380419
0.43042
0.580951
0.381134
0.381668
0.382025
0.382391
0.382637
0.532888
0.383208
0.383427
0.383727
0.333742
0.383991
0.384237
0.435022
0.38519
0.335195
0.385649
0.38585
0.386408
0.386558
0.437273
0.487275
0.387276
0.337287
0.387593
0.387776
0.388299
0.388494
0.338795
0.389528
0.39002
0.340035
0.390398
0.390767
0.391302
0.39156
0.392346
0.392587
0.342601
0.39276
1.04341
0.393747
0.393975
0.394131
0.144705
0.344707
0.294719
0.394896
0.345188
0.395202
0.445356
0.39537
0.395566
0.395953
0.345968
0.396121
0.346136
0.396298
0.346313
0.396739
0.396944
0.346958
0.347126
0.398442
0.598829
0.399336
0.399532
0.349546
0.399804
0.650309
0.0660117
0.0665108
0.621607
0.571621
0.72213
0.872646
0.424014
0.424147
0.374161
1.07431
0.724316
0.624329
0.374854
0.0752324
0.375442
0.0755895
0.0757545
0.37633
0.726666
0.676681
0.0770526
0.0771996
0.0774186
0.727659
0.677674
0.0782437
0.0784267
0.378766
0.429126
0.0792908
0.379474
0.379813
0.080014
0.180269
0.380843
0.0811641
0.381329
0.381548
0.331744
0.381758
0.382172
0.78235
0.732351
0.682364
0.0826703
0.382916
0.0833364
0.383501
1.03364
0.733658
0.433994
0.384543
0.385083
0.385311
0.385686
0.386
0.386336
0.336351
0.737167
0.387707
0.688112
0.38846
0.388643
0.388835
0.388991
0.689232
0.739246
0.38954
0.389822
0.139982
0.189984
0.389996
0.390507
0.340521
0.390734
0.390953
0.3911
0.691247
0.392204
0.392462
0.342477
0.542708
0.342981
0.393182
0.393768
0.393969
0.394251
0.394626
0.0948719
0.395055
0.595604
0.145746
0.39576
0.396192
0.796348
0.146513
0.346852
0.397008
0.397164
0.597566
0.397713
0.348097
0.398307
0.398589
0.69883
0.648844
0.399089
0.349102
0.399271
1.04946
0.399727
0.299928
0.400196
0.482658
0.332672
0.38309
0.733518
0.633759
0.833773
0.383977
0.384143
0.385103
0.48561
0.386458
0.387214
0.387538
0.388075
0.388334
0.338342
0.63936
0.389766
0.13978
0.390176
0.390368
0.440777
0.391097
0.39144
0.391887
0.192055
0.392057
0.392613
0.392868
0.393189
0.393435
0.393609
0.443846
0.394119
0.394422
0.394668
0.395079
0.39528
0.395422
0.345436
0.395598
0.596162
0.396435
0.396604
0.346618
0.396912
0.397059
0.597575
0.397945
0.347946
0.147959
0.398167
0.348181
0.3987
0.398928
0.399324
0.399535
0.39979
0.699946
0.419199
0.51955
0.719551
0.669565
0.370061
0.320072
0.420565
0.370579
0.421403
0.371417
0.721787
0.422299
0.372313
0.422517
0.423061
0.42338
0.373394
0.424222
0.374237
0.42476
0.374775
0.425333
0.375348
0.625832
0.575846
0.3762
0.426215
0.0766109
0.078401
0.078557
0.07889
0.379095
0.179109
0.379818
0.0801842
0.0803762
1.03053
0.430742
0.0809793
0.0815043
0.18166
0.0818164
0.632552
0.582566
0.882753
0.0831546
0.433395
0.38341
0.0837036
0.0838956
0.734052
0.634289
0.584622
0.834637
0.434809
0.384823
0.0850358
0.0852008
0.435429
0.435679
0.385693
0.385951
0.486116
0.387041
0.387452
0.0875991
0.387782
0.387974
0.43829
0.388304
0.388463
0.388628
0.388851
0.338865
0.639417
0.389715
0.439729
0.38996
0.390378
0.340392
0.390587
0.390816
0.391056
0.341071
0.741626
1.04163
0.691641
0.391935
0.392136
0.392319
0.692676
0.392845
0.442859
0.393171
0.343186
0.393349
0.343363
0.293903
0.343918
0.394113
0.14435
0.394509
0.144524
0.394683
0.395091
0.345106
0.645292
0.395715
0.395862
0.646045
0.446348
0.0965492
0.596732
0.44691
0.396924
0.397411
0.347425
0.147758
0.397914
0.348431
0.398445
0.398632
0.348779
0.649016
0.349322
0.399337
0.399748
0.349763
0.422882
0.373907
0.37433
0.424344
0.175716
0.375718
0.42573
0.426067
0.376082
0.378224
0.428238
0.580585
0.630599
0.431056
0.431389
0.381404
0.381741
0.431755
0.731917
1.08192
0.98192
0.681932
0.18251
0.432512
0.382525
0.382933
0.383587
0.885182
0.385184
0.585196
0.385427
0.38565
0.386096
0.386412
0.336426
0.436661
0.386675
0.386883
0.436897
0.387065
0.387404
0.387774
0.738081
0.688082
0.638095
0.388601
0.490481
0.690496
0.390832
0.39106
0.39124
0.392612
0.39299
0.393245
0.393518
0.393924
0.443938
0.394106
0.394271
0.394467
0.144469
0.344481
0.394899
0.344913
0.395264
0.395442
0.345456
0.396549
0.396691
0.346706
0.396901
0.397075
0.547285
0.39754
0.847906
0.448101
0.348109
0.298111
0.398116
0.398356
0.39886
0.39901
0.349025
0.399233
0.349247
0.400188
0.362879
0.416126
0.366136
0.416736
0.466738
0.36675
0.419271
0.369285
0.720237
1.12024
0.670251
0.420437
0.87199
0.572005
0.422471
0.372472
0.172485
0.472683
0.422698
0.423163
0.373178
0.873664
0.373679
0.424364
1.07452
0.674525
0.624538
0.325808
0.425822
0.376378
0.326389
0.426566
0.727746
0.0779655
0.0782995
0.628573
0.37926
0.679446
0.479447
0.629461
0.379606
0.42962
0.429993
0.380007
0.0803938
0.381292
0.381439
0.081769
0.0819521
0.432166
0.182168
0.38218
0.532406
0.38242
0.382825
0.0830623
0.0832183
1.08346
0.0838754
0.384031
0.384236
0.33425
0.584427
0.0848205
0.635058
0.0856156
0.0858706
0.38609
0.636465
0.386675
0.387035
0.387401
0.437566
0.388088
0.388301
0.138316
0.388886
0.389222
0.339237
1.03989
0.489909
0.390095
0.390414
0.340428
0.390605
0.390738
0.340752
0.391743
0.341757
0.0921083
0.0922733
0.392474
0.392867
0.393227
0.393387
0.343401
0.39356
0.393735
0.394068
0.344083
0.394278
0.394443
0.394653
0.345044
0.395058
0.395445
0.345676
0.395691
0.396096
0.396621
0.346636
0.396996
0.597197
0.397401
0.347416
0.397584
0.397776
0.398155
0.348169
0.198395
0.348409
0.398676
0.698949
0.399369
0.399735
0.399882
0.421446
0.37146
0.124427
0.125643
0.126129
0.176271
0.376285
0.426448
0.376462
0.376795
0.727722
0.429446
0.379461
0.429614
0.379629
0.431239
0.331254
0.431479
0.381977
0.382806
0.383269
0.533617
1.03384
0.733854
0.384044
0.434058
1.03442
0.63443
0.38511
0.385426
0.33544
0.385849
0.335863
0.386157
0.386425
0.386746
0.386959
0.136974
0.637127
0.837142
0.387301
0.387466
0.387631
0.38818
0.388399
0.388741
0.38944
0.389645
0.339659
0.389858
0.390268
0.390619
0.590775
0.391319
0.191334
1.04166
0.391917
0.341932
0.392413
0.842659
0.392842
0.393509
0.693776
0.643791
0.143977
0.345426
0.395804
0.645949
0.595963
0.396488
0.497066
0.397432
0.39766
0.397924
0.748164
0.698179
0.698428
0.399115
0.399343
0.649503
0.599517
0.399978
0.365239
0.315254
0.417009
0.367024
0.719859
0.420684
0.370698
0.42113
0.421517
0.371532
0.421946
0.372418
0.372604
0.422619
0.372805
0.0731559
0.07345
0.423925
0.173927
0.373939
0.424878
0.42523
0.225244
0.0755772
0.37597
0.0761172
0.3763
0.0767053
0.0768703
0.0774104
0.0779685
0.0783525
0.0784995
0.0790486
0.0791956
0.0796006
0.379793
0.730322
1.0313
0.731318
0.581567
0.381868
0.331883
0.382105
0.582318
0.63232
0.832333
0.332492
0.382747
0.433068
0.383219
0.333233
0.0837851
0.384058
0.684617
0.384764
0.385148
0.385304
0.385697
0.385884
0.335899
0.386277
0.386532
0.387523
0.437655
0.38767
0.387883
0.388213
0.388378
0.638519
0.588534
0.388747
0.389131
0.389443
0.389671
0.389818
0.3901
0.690328
0.390583
0.390739
0.391145
0.341159
0.391358
0.341372
0.391736
0.19175
0.39224
0.142255
0.392414
0.692798
0.592972
0.393218
0.393595
0.344165
0.0943478
0.344882
0.395095
0.34511
0.395461
0.395662
0.345899
0.396091
0.496301
0.396667
0.397198
0.347603
0.397795
0.398297
0.348498
0.348921
0.599185
0.399489
0.399654
0.564536
0.366959
0.367351
0.417365
0.417524
0.718258
0.668272
0.368431
0.370655
0.421653
0.372691
0.67331
0.723325
0.723658
0.374033
0.374817
0.874959
0.574973
1.02549
0.675507
0.475674
0.376175
0.426931
0.377499
0.427514
0.37801
0.328024
0.378531
0.3792
0.379401
0.33265
0.383179
0.133191
0.433591
0.633956
0.385055
0.385421
0.387193
0.387412
0.387577
0.387836
0.33821
0.388483
0.388697
0.338711
0.389134
0.389464
0.389875
0.390058
0.390233
0.39041
0.440425
0.390851
0.391415
0.391607
0.391862
0.392238
0.393736
0.34375
0.39399
0.694227
0.394566
0.394882
0.845314
0.595328
0.745577
0.346667
0.396681
0.396844
0.397177
0.347192
0.147459
0.347636
0.397651
0.698038
0.0482207
0.0483677
0.0485597
0.648743
0.0490458
0.399478
0.849838
0.599853
0.400012
0.358436
0.561023
0.361693
0.715205
0.665219
0.0697893
0.0712355
0.371368
0.421383
0.17174
0.0717517
0.671956
1.02233
0.722336
0.972349
0.322736
0.07357
0.374834
0.375628
0.425971
0.0763125
0.0768555
0.377207
0.377537
0.37781
0.377966
0.72844
0.678455
0.0788868
0.0792259
0.3794
0.380193
0.380421
0.380586
0.430773
0.380787
0.381687
0.331701
0.382115
0.382343
0.382571
0.383037
0.333051
0.38325
0.333264
0.38366
0.384066
0.33408
0.384266
0.384824
0.385089
0.385476
0.335491
0.385749
0.386079
0.38631
0.336325
0.386724
0.336739
0.386988
0.38718
0.387363
0.387555
0.387961
0.337975
0.388335
0.488599
0.388974
0.389463
0.389886
0.0902803
0.390499
0.390883
0.391195
0.391597
0.391799
0.392012
0.442027
0.342426
0.292428
0.0424406
0.392585
0.3426
0.342963
0.393128
0.84353
0.0939168
0.0941088
0.395265
0.345279
0.395424
0.345438
0.395669
0.545873
0.595888
0.396096
0.34611
0.396278
0.346678
0.396692
0.697052
0.347398
0.397412
0.548162
1.04856
0.398738
0.348978
0.349867
0.429277
0.379291
0.179699
0.379714
0.58006
0.630074
0.38035
0.38089
0.73105
0.681064
0.231245
0.431247
0.381259
0.381656
0.381866
0.382103
0.382436
0.38315
0.383537
0.183539
0.434008
0.384023
0.43423
0.384245
0.384413
0.384632
0.385007
0.885403
0.585418
0.386554
0.386959
0.387328
0.387538
0.388216
0.388471
0.388862
0.338876
0.139107
0.389254
0.389713
0.339727
0.290468
0.391981
0.341993
0.39248
0.39284
0.393036
0.34305
0.643285
0.593299
0.393726
0.393918
0.394293
0.394557
0.394722
0.39499
0.395368
0.345382
0.395733
0.395929
0.345944
1.0465
0.696504
0.746518
0.396677
0.397353
0.347368
1.04791
1.09792
0.747929
0.398169
0.398548
0.348562
1.04889
0.698904
0.399099
0.39978
0.449931
0.349945
0.659538
0.417623
0.367633
0.41826
0.620832
0.72403
0.674044
0.0744494
0.425215
0.0764268
0.626829
0.376988
0.177003
0.427219
0.377234
0.0773929
0.0775939
0.078098
0.078491
0.379059
0.379612
0.380084
0.330098
0.380524
0.380671
0.381317
0.331331
0.381959
0.0821515
0.0824665
0.0828425
0.0830435
1.08346
0.683476
0.383734
0.0839796
0.834217
0.384499
0.0848287
0.335525
0.385675
0.33569
0.0859658
0.386197
0.336212
0.386581
0.686836
0.387256
0.387403
0.387568
0.387755
0.337769
0.388036
0.388273
0.388474
0.388811
0.338812
0.138825
0.439083
0.589462
0.839476
0.739818
0.389983
0.390343
0.390764
0.391752
0.392434
0.392803
0.393151
0.393515
0.343529
0.0937869
0.393943
0.394318
0.394684
0.394876
0.395104
0.345278
0.696609
0.646623
0.597157
0.397481
0.397847
0.148012
0.34824
0.398745
0.598947
0.0993155
0.299697
0.349712
0.100214
0.305785
0.376256
0.376415
0.42643
0.72679
0.627301
0.527315
0.727483
0.427733
0.377747
0.377892
0.378476
0.378704
0.579252
0.379266
0.379546
0.42956
0.379827
0.379978
0.730416
0.380767
0.380923
0.43107
0.381487
0.431502
0.431646
0.381661
0.432069
0.382084
0.382474
0.382811
0.432812
0.433363
0.383377
0.383545
0.383705
0.433719
0.38395
0.384232
0.384647
0.684893
0.385116
0.43513
0.585307
0.385562
0.435964
0.43694
0.386941
0.336951
0.387503
0.38783
0.387989
0.338496
0.389011
0.539334
0.489344
0.390878
0.391604
0.392254
0.393042
0.393279
0.443456
0.393471
0.39372
0.394655
0.394841
0.344856
0.395135
0.34515
0.395523
0.345537
0.395942
0.396143
0.446669
0.396683
0.39686
0.397034
0.397373
0.397556
0.397743
0.347757
1.04796
0.697979
0.398156
0.398298
0.348312
0.448489
0.698622
1.04864
0.448822
0.399087
0.349489
0.449657
0.399672
0.399849
0.449851
0.299858
0.400391
0.366458
0.068468
0.0695332
0.0703263
0.620772
0.570786
0.371964
0.0721115
0.0735486
0.0738636
0.0753268
0.725495
0.62551
0.62569
0.375692
0.825705
0.0758729
0.0760559
0.0762209
0.077053
0.077383
0.377879
0.0780621
0.0782091
0.378512
0.428681
0.378695
0.379739
0.580003
0.380301
0.130315
0.38067
0.430685
0.631048
0.781063
0.731468
0.381687
0.0818427
0.182198
0.382213
0.382569
0.332584
0.383277
0.733424
0.383838
0.734931
0.684945
0.385194
0.185462
0.385476
0.435639
0.385653
0.386049
0.386361
0.386625
0.387019
0.387238
0.388235
0.438403
0.388418
0.388796
0.388991
0.439006
0.389291
0.389546
0.389738
0.389894
0.340122
0.340497
0.391005
0.191019
0.391196
0.391575
0.341589
0.74182
0.392048
0.392396
0.392543
0.39291
0.643138
0.393559
0.393823
0.143965
0.39398
0.394265
0.0946326
0.394978
0.344993
0.395218
0.145233
0.395665
0.395839
0.396103
0.396385
0.396951
0.397188
0.697831
0.39805
0.398251
0.398482
0.348497
0.49892
0.599089
0.549103
0.399502
0.599925
0.162345
0.413617
0.371503
0.171518
0.42168
0.371682
0.722179
0.426282
0.376284
0.627104
0.577119
0.428085
0.429813
0.379815
0.330358
0.38036
0.280373
0.381505
0.731638
0.681652
0.881842
0.331856
0.732082
0.682096
0.382492
0.382652
0.332666
0.383062
0.683222
0.733236
0.384125
0.384398
0.384608
0.384888
1.03523
0.635636
0.585651
0.185804
0.385806
0.335819
0.385985
0.386234
0.386767
0.388876
0.339245
0.389431
0.389779
0.740154
0.390524
0.340538
0.390805
0.391225
0.391586
0.4416
0.391745
0.341759
0.391936
0.742114
0.642115
0.692128
0.392613
0.342626
0.393359
0.443578
0.394895
0.39515
0.395432
0.395687
0.395864
0.396311
0.396542
0.146557
0.396761
0.396989
0.397253
0.397409
0.397811
0.397976
0.39836
0.39892
0.348934
0.399169
0.349183
0.399414
0.399899
0.349914
0.401095
0.351109
0.415962
0.366467
0.316478
0.066971
0.418773
0.368787
0.419262
0.369276
0.0704716
0.721135
0.621137
0.67115
0.721381
0.422098
0.372113
0.422266
0.372281
0.622681
0.373176
0.0736643
0.424016
0.37403
0.375397
0.425412
0.425574
0.625589
0.375934
0.426276
0.376291
0.0766508
0.0768069
0.0776359
0.0778369
0.078251
0.078952
0.629277
0.879279
0.579291
0.429631
0.379645
0.379849
0.430339
0.380353
1.13073
1.03075
0.180921
0.330935
0.0816713
0.431863
0.0820913
0.382421
0.432554
0.382568
0.182986
0.383
0.383159
0.433346
0.383361
0.433712
0.0838586
0.384189
0.0845037
0.434915
0.385498
0.385808
0.335822
0.386383
0.386912
0.687299
0.737314
0.3875
0.387831
0.38805
0.388482
0.188642
0.388656
0.388957
0.138971
0.389193
0.389385
0.389604
0.38985
0.390042
0.390211
0.340225
0.540447
0.541681
0.392086
0.392269
0.393697
0.343712
0.394126
0.394495
0.394777
0.395032
0.39542
0.345434
0.645843
0.545857
0.396124
0.396329
0.346343
0.0967572
0.0969403
0.397141
0.0974983
0.398018
0.398223
0.348237
0.698588
0.398735
0.399087
0.349101
0.449264
0.699279
0.449684
0.349888
0.399903
0.150183
0.72693
0.676944
0.377592
0.528092
0.428093
0.428397
0.728904
0.429081
0.379083
0.379447
0.629781
0.379795
0.380002
0.730557
0.630559
0.680572
0.430816
0.38083
0.381079
0.431445
0.381592
0.381748
0.381958
0.732328
0.682342
0.382696
1.03291
0.38308
0.383486
0.333792
0.384783
0.43531
0.385314
0.635886
0.835887
0.5859
0.386447
0.836462
0.336804
0.43699
0.387005
0.187425
0.38744
0.387863
0.388187
0.388406
0.388883
0.390063
0.39087
0.391035
0.391236
0.641405
0.591419
0.391849
0.191851
0.441863
0.392067
0.392241
0.392464
0.342479
0.392887
0.792902
0.393172
0.39373
0.393961
0.343963
0.843976
0.344252
0.394684
0.444985
0.344986
0.394999
0.395176
0.395449
0.395713
0.39595
0.396083
0.846097
0.696373
0.396855
0.397137
0.84736
0.547374
0.397587
0.44781
0.397824
0.397996
0.79801
0.398241
0.398452
0.398653
0.399001
0.59937
0.399829
0.0500057
0.068031
0.368659
0.418673
0.419673
0.67392
0.823935
0.424331
0.075617
0.075827
0.426752
0.427884
0.3787
0.178969
0.378983
0.430247
0.380262
0.0804297
0.0806307
0.0808317
0.0810417
0.0813898
1.03164
0.181877
0.381891
0.382059
1.03241
0.732412
0.682425
0.732641
0.632656
0.333025
0.433271
0.08361
0.084021
0.0843961
0.185051
0.385065
0.385443
0.0855902
0.0857912
0.0861392
0.686313
0.836593
0.386607
0.386784
0.387788
0.38834
0.388527
0.338541
0.839088
0.389103
0.339361
1.03959
0.689607
0.840175
0.390189
0.390375
0.390531
0.190894
0.390909
0.391471
0.691699
0.341904
0.291918
0.392086
0.393016
0.393226
0.393427
0.393583
0.34382
0.393985
0.394132
0.394519
0.394784
0.395177
0.395586
0.545587
0.3456
0.395786
1.04597
0.695987
0.396213
0.346227
0.396467
0.396725
0.146727
0.34674
0.396965
0.34698
0.597229
0.397376
0.397728
0.447742
0.697973
0.39821
0.398361
0.148375
0.398615
0.399009
0.699264
0.39942
0.399811
0.349825
0.399993
0.412148
0.614644
0.418083
0.61839
0.672576
0.772577
0.722591
0.42341
0.373411
0.423944
0.373958
0.426114
0.376128
0.426309
0.376323
0.126801
0.426961
0.376975
0.429284
0.879299
0.429627
0.379641
0.4298
0.430248
0.380262
0.430603
0.380617
0.431911
0.381925
0.432439
0.382453
0.43267
0.382684
0.433611
0.383626
0.383938
0.333953
0.734385
0.434517
0.384532
0.384937
0.435187
0.385457
0.435626
0.38564
0.635811
0.585826
0.386213
0.38657
0.386918
0.388339
0.389226
0.38956
0.139561
0.339574
0.389908
0.390433
0.390583
0.390931
0.391627
0.391958
0.642261
0.392447
0.392976
0.493333
0.393492
0.293702
0.694382
0.644396
0.394751
0.395098
0.395272
0.395647
0.646013
0.346205
0.396576
0.396741
0.396897
0.397417
0.397997
0.348005
0.398164
0.398488
0.598713
0.548728
0.399199
0.349213
1.04973
0.39991
0.349912
0.414448
0.415109
0.415767
0.365782
0.368586
0.41958
0.369594
0.370142
0.320153
0.520677
0.720679
0.670692
0.421368
0.371383
0.0719028
0.422246
0.37226
0.073179
0.7245
0.374683
0.425232
0.376031
0.0761965
0.376362
0.576885
0.427107
0.377122
0.37732
0.327335
0.727671
0.678076
0.0784867
0.0788347
0.0792578
0.179409
0.379423
0.379837
0.430375
0.180376
0.380389
0.080794
0.630977
0.0812141
0.0814871
0.0816611
0.0818171
0.0819911
0.382339
0.382486
0.382633
0.432798
0.382945
0.383913
0.333927
0.38414
0.384404
0.385926
0.435941
0.736355
0.386547
1.03672
0.486916
0.386931
0.387171
0.387426
0.387627
0.387877
0.337891
0.388116
0.338131
0.388545
0.388692
0.589202
0.389559
0.389763
0.289778
0.0899461
0.0901201
0.390526
0.34054
0.440918
0.391101
0.392121
0.392367
0.392554
0.342568
0.392853
0.393273
0.393666
0.0938945
0.394078
0.394279
0.394672
0.0948907
0.695164
0.395566
0.395785
0.396798
0.397221
0.397362
0.347377
0.39795
0.598151
0.398896
0.348909
0.399585
0.349599
0.399776
0.370137
0.420602
0.370617
0.323532
0.374044
0.374851
0.375755
0.175769
0.625932
0.575947
0.176635
0.37665
0.426803
0.376818
0.377787
0.427789
0.577961
0.178294
0.378453
0.428468
0.578859
0.428992
0.379705
0.380017
0.380182
0.380582
0.330596
0.331011
0.381564
0.381894
0.532134
0.732135
0.682149
0.432695
0.38271
0.383079
0.433472
1.03408
0.384406
0.38467
0.434949
0.384964
0.385219
0.185435
0.387473
0.38867
0.338685
0.738847
0.638862
0.439279
0.589294
0.839648
0.589663
0.389822
0.340089
0.390617
0.390803
0.391411
0.391585
0.391777
0.392129
0.342143
0.392347
0.392912
0.393228
0.343242
0.393401
0.393558
0.393795
0.643996
0.394242
0.394425
0.394794
0.344809
0.695241
0.395436
0.345451
0.395628
0.396387
0.396547
0.346561
0.696801
0.0472309
0.047459
0.397843
0.348071
0.348248
0.398623
0.399019
0.39922
0.0494933
0.0497033
0.400164
0.625467
0.425645
0.375659
0.0764293
0.0765763
0.376913
0.176927
0.427081
0.377095
0.327299
0.377696
0.0778435
0.0780175
0.0781825
0.0783925
0.17869
0.378705
0.428873
0.32923
0.0798778
1.03024
0.680256
0.630688
0.08097
0.431442
0.381456
0.0817051
0.681942
0.0823081
0.182441
0.382442
0.332455
0.0828452
0.0832562
0.433416
0.38343
0.383661
0.383934
0.434148
0.384162
0.384667
0.134668
0.184681
0.385242
0.585399
0.385733
0.485747
0.386071
0.38632
0.336335
0.386575
0.386881
0.336896
0.387076
0.337091
0.387286
0.387697
0.38804
0.338054
0.438234
0.388249
0.388534
0.388909
0.389137
0.389462
0.339476
0.439644
0.389926
0.640104
0.790118
0.690272
0.740286
0.390566
0.19058
0.390793
0.341034
0.391049
0.341262
0.391427
0.391637
0.391838
0.392052
0.342066
0.392417
0.392609
0.392873
0.34302
0.393293
0.443458
0.393797
0.394079
0.694637
0.394935
0.344949
0.395243
0.345636
0.395997
0.346011
1.04616
0.596158
0.84616
0.54617
0.396356
0.346561
0.146575
0.646806
0.347163
0.397338
0.397753
0.347768
0.398119
0.398467
0.34874
0.148887
0.599418
0.349793
0.168505
0.368519
0.769645
0.173272
0.373287
0.475105
0.425107
0.375119
0.625317
0.575332
0.427263
0.377277
0.377445
0.378602
0.378995
0.379232
0.379919
0.380592
0.380874
0.381267
0.382324
0.432339
0.632708
0.38338
0.333395
0.383813
0.133827
0.584049
0.734989
1.03499
0.685003
0.38518
0.385336
0.38594
0.386324
0.386712
0.436726
0.386871
0.336885
0.437267
0.387771
0.388182
0.388872
0.389353
0.391189
0.391969
0.392369
0.142383
0.392555
0.342569
0.393137
0.343443
0.39387
0.194098
0.394446
0.34505
0.395242
0.395501
0.345515
0.0459018
0.446929
0.397121
0.597295
0.397442
0.397766
0.3481
0.398114
0.348637
0.398915
0.399071
0.599503
0.699659
0.0500523
0.415268
0.416245
0.367602
0.36944
0.370624
0.371408
0.421422
0.674224
0.375493
0.0756759
0.07621
0.076357
0.376526
0.42654
0.0773271
0.0776942
0.0778412
0.0782522
0.378738
0.679131
0.679621
0.379768
0.0799785
0.0801255
0.0809536
0.0811186
0.431443
0.381458
0.381872
0.0821698
0.382416
0.432972
0.382986
0.383181
0.383328
0.383502
0.383667
0.384387
0.334579
0.385119
0.385539
0.385695
0.385855
0.135869
0.386278
0.336292
0.636491
0.836492
0.586506
0.386683
0.687034
0.837036
0.537038
0.587049
0.187385
0.3874
0.388359
0.288373
0.439304
0.389455
0.439469
0.389736
0.390258
0.390445
0.340459
0.390744
0.391146
0.391557
0.391704
0.391977
0.692137
1.04215
0.392346
0.392685
0.393288
0.393447
0.343462
0.394026
0.39429
0.394572
0.394722
0.144737
0.595004
0.745352
0.345571
0.395763
0.445928
0.396106
0.14612
0.396474
0.396616
0.14663
0.396954
0.847119
0.397293
0.397501
0.347515
0.39899
0.349004
0.399191
0.399338
0.399485
0.399707
0.449722
0.399971
0.358621
0.408636
0.625048
0.575062
0.425266
0.825756
0.62577
0.626566
0.626716
0.576731
0.127671
0.427822
0.177836
0.42831
0.378325
0.378586
0.379144
0.679393
0.729408
0.529822
0.330266
0.280281
0.430821
0.380836
0.380999
0.381541
0.381898
0.382072
0.582441
0.38266
0.733198
1.08321
0.133452
0.38442
0.334584
0.384594
0.384808
0.385993
0.386368
0.13638
0.388101
0.488768
0.389114
0.339128
0.739639
0.689653
0.390796
0.391019
0.341033
0.391367
0.39155
0.391682
0.341697
0.391976
0.341991
0.392231
0.392477
0.392736
0.44275
0.393119
0.393302
0.393599
0.343614
0.39384
0.293854
0.394361
0.394643
0.394889
0.395081
0.3953
0.395564
0.395792
0.395957
0.39635
0.396569
0.396792
0.346807
0.397203
0.697389
0.647404
0.397662
0.397818
0.39837
0.398593
0.399039
0.399199
0.349213
0.399381
0.549774
0.405884
0.0589341
0.720683
1.0207
0.721349
0.621364
0.0716699
0.421994
0.42385
0.373864
0.425649
0.375664
0.426027
0.326029
0.376042
0.428749
0.32875
0.378763
0.729012
0.0798892
0.0803032
0.0805673
0.0809823
0.181343
0.431344
0.381357
0.0824274
0.0826734
0.0829854
0.0832404
0.0834594
0.0836514
0.0839245
0.434276
0.384291
0.384471
0.334486
0.384813
0.334828
0.0853887
0.78562
0.735622
0.985635
0.385798
0.435812
0.736001
0.686016
0.43616
0.386175
0.0863609
0.0865709
0.436802
0.386817
0.386985
0.637378
0.387525
0.387828
0.38823
0.388503
0.389161
0.389686
0.390068
0.140082
0.390353
0.140367
0.390544
0.390868
0.641079
0.391334
0.341751
0.391766
0.392162
0.392303
0.342318
0.392549
0.392735
0.34275
1.0431
0.743097
0.69311
0.393278
0.594249
0.544264
0.394663
0.39505
0.39529
0.345305
0.595558
0.645572
0.395776
0.395968
0.34632
0.396334
0.396601
0.346775
0.397021
0.597289
1.2473
0.39769
0.398002
0.548221
0.398354
0.348368
0.148732
0.399014
0.399155
0.34917
0.399338
0.499702
0.349716
0.700001
0.331265
0.0812793
0.381501
0.431657
0.381831
0.38205
0.43221
0.382225
0.732477
1.13248
0.682492
0.38269
0.432996
0.383011
0.433201
0.383215
0.383584
0.383989
0.384764
0.385019
0.435344
0.385358
0.385535
0.435941
0.385955
0.386141
0.386288
0.336622
0.386958
0.387725
0.388277
0.43841
0.388424
0.388796
0.38901
1.03957
0.389919
0.439921
0.339934
0.390129
0.390465
0.39085
0.391114
0.391288
0.391649
0.391841
0.692096
0.392324
0.442592
0.492606
0.392778
0.44278
0.142782
0.342792
0.643174
0.543188
0.393374
1.09378
0.693797
0.394211
0.394466
0.394667
0.394922
0.395177
0.195564
0.395964
0.396517
0.446886
0.396888
0.346901
0.647177
0.397414
0.39757
0.698698
0.399085
0.1491
0.399277
0.421309
0.371323
0.421762
0.371777
0.522456
0.472467
0.0730589
0.0735429
0.07369
0.07402
0.42418
0.374194
0.074903
0.725495
0.0761782
0.0767343
0.0770683
0.378099
0.0789396
0.0790956
0.329228
0.379243
0.0794826
0.379648
0.429928
0.329942
0.380332
0.0807278
0.38092
0.731178
0.631193
0.0815349
0.0817179
0.431883
0.882141
0.582156
1.03233
0.382552
0.3829
0.333458
0.333614
0.385297
0.385511
0.335525
0.386081
0.336095
0.386362
0.386719
0.387078
0.387763
0.437955
0.388228
0.388615
0.388966
0.389335
0.689719
0.64013
0.390322
0.390523
0.390805
0.491184
0.391198
0.391483
0.391738
0.842011
0.392212
0.39296
0.342974
0.39354
0.393763
0.343777
0.394164
0.444396
0.344398
0.3944
0.49441
0.39481
0.344811
0.144824
0.395005
0.345019
0.395314
0.395455
0.34547
0.395755
0.395983
0.39634
0.396559
0.646898
0.397063
0.397475
0.397996
0.348011
0.39841
0.148412
0.348425
0.398602
0.398767
0.599115
0.39931
0.349325
0.399881
0.349895
0.427743
0.127908
1.07821
1.02822
0.378629
0.328644
0.729014
0.679029
0.129654
0.429882
0.680713
0.580728
1.08127
0.631289
0.431443
0.331444
0.381457
0.432429
0.382444
1.08296
0.482965
0.732978
0.733131
0.683146
0.433354
0.433768
0.18377
0.383782
0.734017
1.03402
0.684031
0.334212
0.284226
0.435355
0.635844
0.835858
0.386017
0.436414
0.386428
0.386573
0.387097
0.437329
0.387845
0.43786
0.638109
0.388283
0.388523
0.338538
0.388808
0.33881
0.138823
0.389072
0.389291
1.03949
0.389738
0.390002
0.391339
0.441753
0.441904
0.391918
0.392153
0.342167
0.392443
0.392755
0.393125
0.343139
0.393521
0.343535
0.443703
0.393845
0.395048
0.345062
0.445305
0.39532
0.745554
1.44557
0.3958
0.395932
0.345947
0.396151
0.396539
0.396925
0.34694
0.397144
0.397354
0.397528
0.397769
0.347783
0.397955
0.347969
0.348293
0.398653
0.399028
0.399188
0.399731
0.569657
0.369672
0.420294
0.370308
0.621178
0.371624
0.42199
0.0721461
0.423445
0.323447
0.37346
0.174247
0.374248
0.424259
0.424481
0.0750157
0.425175
0.37519
0.425865
0.0760658
0.626458
0.576472
0.076748
0.376931
0.427465
0.37748
0.0777291
0.0779121
0.0782781
0.178411
0.378425
1.02875
0.729167
0.629181
0.329604
0.0797603
0.380298
0.630476
0.58049
0.0809045
0.631127
1.03114
0.0814265
0.0818015
0.382309
0.0827286
0.383134
0.383362
0.383608
0.183831
0.383845
0.0845028
0.0846858
0.384932
0.385187
0.385584
0.385794
0.385936
0.33595
0.386167
0.336181
0.686491
1.03651
0.336883
0.737106
0.48712
0.387405
0.387771
0.388021
0.438035
0.338284
0.638471
0.588472
0.538485
0.388777
0.338791
0.389209
0.389374
0.389857
0.439872
0.39013
0.390277
0.0907788
0.391156
0.391648
0.39205
0.692548
0.392767
0.393844
0.343859
0.394004
0.344018
0.394262
0.344276
0.394552
0.394699
0.394918
0.0950743
0.696033
0.446047
0.846327
0.596341
0.546567
0.596581
0.346762
0.396776
0.697154
0.347419
0.147722
0.797869
0.69807
0.348262
0.548619
0.698796
0.798811
0.349378
0.149393
0.399651
0.350035
0.357135
0.366309
0.416581
0.366595
0.372922
0.323712
0.374686
0.725025
0.82571
0.375712
0.625714
0.575725
0.72592
0.4262
0.376214
0.376604
0.427111
0.378052
0.378565
0.380394
0.381063
0.38142
0.5318
0.381814
0.382498
0.385374
0.685542
1.03556
0.537052
0.387066
0.387319
0.387702
0.387898
0.388374
0.388588
0.338602
0.388798
0.389047
0.339062
0.389257
0.839567
0.539582
0.389933
0.390619
0.340633
0.440988
0.391002
0.391179
0.391389
0.391759
0.441773
0.392151
0.392664
0.393066
0.393325
0.343339
0.394405
0.544739
0.594753
0.0453685
0.345606
0.39614
0.196155
0.396479
0.0466347
0.6468
0.347196
0.697391
0.647406
0.0476908
0.348003
0.698204
0.34836
0.699059
0.0492779
0.0496709
0.0500399
0.406395
0.357796
0.457811
0.814539
0.365451
0.42525
0.525252
0.475264
0.0755225
0.0757145
0.0758886
0.376063
0.576453
0.826468
0.426786
0.376801
0.627035
0.57705
0.177293
0.377308
0.0774848
0.37774
0.0779409
0.0783249
0.32888
0.42904
0.379054
0.079378
0.729579
0.179762
0.479895
0.379896
0.329909
0.480072
0.380074
0.330086
0.430249
0.380263
0.0804402
0.0808002
0.580942
0.830956
1.0311
0.681115
0.381667
0.381917
0.431931
0.482331
0.382346
0.433507
0.383521
0.383929
0.384157
0.384421
0.384613
0.484862
0.384877
0.335228
0.585384
0.385621
0.385987
0.386997
0.187011
0.387273
0.337287
0.337536
0.387728
0.387942
0.337956
0.688178
0.0884064
0.738652
0.388808
0.388955
0.389088
0.339102
0.689324
0.389499
0.389901
0.390048
0.14039
0.390576
0.440591
0.141012
0.491026
0.341266
0.391476
0.391641
0.541864
0.591878
0.392064
0.392821
0.693395
0.393623
0.394123
0.394324
0.344934
0.494948
0.395125
0.39553
0.445963
0.696569
0.596584
0.396788
0.397181
0.347583
0.59773
0.347994
0.348159
0.798315
0.348516
0.448663
0.44902
0.349377
0.36786
0.370855
0.372194
1.0227
0.373226
0.473241
0.376528
0.476542
0.37704
0.477885
0.428434
0.379969
0.380659
0.381047
0.381449
0.331645
0.281659
0.581863
0.382118
0.4324
0.382583
0.382748
0.682994
0.833301
0.583315
0.48372
0.383885
0.434126
0.384435
0.384708
0.33484
0.385249
0.385468
0.735654
1.03567
0.336162
0.386335
0.38674
0.387115
0.387343
0.437718
0.388078
0.738465
0.388885
0.389305
0.389459
0.339962
0.390158
0.390323
0.391283
0.391679
0.692078
0.642093
0.392337
0.392886
0.393159
1.04363
0.693642
0.343804
0.393819
0.394023
0.44417
0.394902
0.0455533
0.0459733
0.0462103
0.0463753
0.346531
0.546951
0.0473265
0.447519
0.347675
0.0480496
0.698197
0.598663
0.598864
0.0492687
0.399701
0.0501909
0.060034
0.0614603
0.0619234
0.412088
0.364374
0.0659972
0.0676755
0.0681466
0.0705079
0.170641
0.370655
1.021
0.371706
0.37233
0.476575
0.37659
0.0771549
0.328313
0.478314
0.378327
0.428544
0.478546
0.378558
0.378868
0.428882
0.379296
0.379461
0.379734
0.379998
0.380181
0.730404
0.680419
0.430764
0.380779
0.381001
0.431556
0.531571
0.382266
0.382413
0.382845
1.03301
0.483028
0.383205
0.733355
0.63337
0.383886
0.384207
0.384403
0.334417
0.334639
0.384795
0.435077
0.385282
0.335296
0.385527
0.385809
0.386193
0.586349
0.386755
0.336769
0.68695
0.636964
0.387208
0.487222
0.387367
0.137381
0.387667
0.38794
0.388204
0.388468
0.388798
0.389071
0.389263
0.389422
0.339437
0.839686
0.389869
0.390142
0.390356
0.34037
0.340556
0.840748
0.390931
0.39115
0.591627
0.391993
0.392408
0.3926
0.643014
0.343399
0.393546
0.693756
0.394141
0.594369
0.494556
0.29457
0.344837
0.345212
0.44556
0.145734
0.295935
0.346304
0.346727
0.396937
0.347111
0.347595
0.397952
0.448108
0.448327
0.598793
0.349021
0.349204
0.349583
0.349757
0.999967
0.363301
0.364327
0.366193
0.372832
0.474005
0.477839
0.377854
0.328329
0.379523
0.380187
0.38088
0.430894
0.381426
0.33144
0.381768
0.331782
0.382289
0.382664
0.383021
0.383235
0.48325
0.483454
0.383793
0.384358
0.384697
0.384898
0.38509
0.385372
0.635636
0.837321
0.587335
0.387686
0.388226
0.438485
0.388499
0.689252
0.439499
0.439859
0.48986
0.339874
0.190108
0.39011
0.340123
0.39051
0.390693
0.341245
0.691554
0.641569
0.34258
0.542799
0.343627
0.493984
0.344314
0.644738
0.0453953
0.0455423
0.346413
0.446415
0.496427
0.346605
0.647571
0.597586
0.34779
0.298105
0.398523
0.348778
0.0489609
0.599504
0.449637
0.399651
0.049864
1.00006
0.059746
0.0619977
0.812654
0.662668
0.063549
0.364901
0.0714225
0.0715785
0.0717255
0.372228
0.322243
0.422735
0.373275
0.0736048
0.37377
0.0741719
0.075018
0.425379
0.425584
0.375598
0.0757841
0.376087
0.0769732
0.377728
0.378148
0.378523
0.378908
0.379055
0.179286
0.379301
0.42998
0.379994
0.380162
0.430592
1.03095
0.680967
0.381112
0.331126
0.381543
0.431708
0.381909
0.382101
0.532257
0.432639
0.382653
0.582875
0.433419
0.383433
0.38361
0.434016
0.384031
0.33419
0.18443
0.334445
0.384796
0.184964
0.384979
0.485132
0.385147
0.385534
0.385757
0.335771
0.38609
0.486104
0.486272
0.386624
0.136638
0.387175
0.387586
0.387733
0.387943
0.388099
0.388411
0.488675
0.388903
0.339149
0.439447
0.389461
0.339639
0.44005
0.390332
0.740707
0.340875
0.29089
0.391103
0.341875
0.342139
0.342487
0.992688
0.442871
0.343135
0.393327
0.343609
0.493846
0.144185
0.34435
0.0945062
0.344938
0.345244
0.34561
0.145752
0.345766
0.346126
0.546327
0.346537
0.546712
0.397252
0.697754
0.69815
0.348297
0.348654
0.348936
0.449083
0.29923
0.349644
0.450046
0.362077
0.36591
0.367181
0.368599
0.671973
0.474619
0.374634
0.475127
0.375141
0.375789
0.37859
0.478758
0.528912
0.378926
0.379623
0.479637
1.08004
0.580038
0.680052
0.38091
0.431414
0.381744
0.382265
0.132279
0.382442
0.182456
0.43315
0.483164
0.383567
0.333581
0.383767
0.384261
0.384669
0.685337
0.385529
0.736087
0.386659
0.436674
0.386851
0.387007
0.337328
0.387724
0.337739
0.38797
0.388243
0.388786
0.338801
0.389095
0.389488
0.389854
0.390005
0.391444
0.491458
0.391662
0.391997
0.343252
0.393597
0.343612
0.193819
0.293834
0.494119
0.794368
0.594383
0.494662
0.644677
0.694872
0.345353
0.645367
0.046637
0.047015
0.047426
0.497663
0.598387
0.398552
0.399128
0.399356
0.649503
0.0498873
0.054752
0.0687873
0.470237
0.370252
0.0712316
0.371727
0.0720417
0.373243
0.423245
0.173258
0.373675
0.373867
0.574206
0.374503
0.324518
0.074713
0.074896
0.0753011
0.375981
0.376752
0.0770933
0.0774904
0.327801
0.477802
0.277815
1.02796
0.627974
0.378196
0.528605
0.378619
0.0787965
0.0789435
0.379399
0.379918
0.479933
0.380164
0.380846
0.381059
0.331074
0.831299
0.531301
0.581314
0.382607
0.332622
0.382998
0.333012
0.483414
0.383429
0.635192
0.435206
0.38562
0.385977
0.386236
0.186238
0.33625
0.736409
0.38661
0.386812
0.387172
0.587187
0.337541
0.387556
0.387946
0.487948
0.137961
0.388138
0.388489
0.488504
0.389029
0.389194
0.389458
0.38974
0.390091
0.340106
0.390382
0.390622
0.340637
0.390854
0.490868
0.391108
0.391255
0.641769
0.692162
0.442421
0.392435
0.39272
0.39293
0.0931403
0.393524
0.393899
0.34405
0.394064
0.444269
0.345122
0.395473
0.695488
0.395701
0.396097
0.346112
0.396266
0.34628
0.396523
0.346525
0.146538
0.396742
0.447039
0.347054
0.397271
0.347285
0.647444
0.147765
0.69793
0.398351
0.598873
0.399352
0.349366
0.399738
0.34993
0.571214
0.621229
0.522845
0.423962
0.375147
0.62532
0.175916
0.375931
0.376225
0.376659
0.376983
0.377331
0.37767
0.37788
0.380189
0.480203
0.38038
0.382128
0.382476
0.332488
0.333178
0.383698
0.4337
0.384064
0.384247
0.384421
0.53497
0.484985
0.385357
0.335372
0.385741
0.386062
0.486738
0.78674
0.686753
0.386912
0.387086
0.437272
0.387274
0.337287
1.08747
0.437469
0.687482
0.38765
0.388184
0.438523
0.43867
0.58952
0.38988
0.390238
0.390797
0.191016
0.391568
0.341796
0.341961
0.392788
0.342802
0.393504
0.393709
0.394242
0.444483
0.394497
0.345067
0.395451
0.495584
0.345598
0.345856
0.696021
0.0467834
0.397099
0.547113
0.747335
1.04749
0.0481996
0.598749
0.0599376
0.0643256
0.915634
0.665636
1.01565
0.315826
0.419172
0.369187
0.569971
0.0703219
0.0708529
0.721521
0.921535
0.0724601
0.422661
0.422803
0.372804
0.322817
0.524676
0.426105
0.376955
0.426969
0.427525
0.377539
0.377911
0.428209
0.378223
0.678466
0.728481
0.429019
0.379033
0.179187
0.379201
0.829717
0.53025
0.330264
0.380486
0.380642
0.380999
0.0811555
0.0814105
0.381969
0.432215
0.0823886
0.432548
0.332563
0.38274
0.382909
0.332923
0.383067
0.333082
0.633462
0.883476
0.083671
0.384757
0.484772
0.335006
0.285021
0.385261
0.335489
0.335662
0.485672
0.0860773
0.386305
0.386488
0.387273
0.187505
0.387519
0.687742
0.388344
0.388731
0.388923
0.389472
0.38964
0.139655
0.390063
0.390483
0.390807
0.840809
0.340822
0.39099
0.591218
0.391351
0.341365
0.491609
0.391623
0.391791
0.392139
0.392412
0.542554
0.592568
0.393
0.343219
0.393402
0.393603
0.393969
0.394134
0.394366
0.49438
0.394717
0.144731
0.844912
0.344926
0.395305
0.345515
0.39589
0.0960367
0.34643
0.396805
0.397015
0.0974168
0.0976088
1.04785
0.797864
0.398428
0.798776
0.398953
0.798968
0.699428
0.699593
0.350205
0.47217
0.374032
0.324593
0.475536
0.37555
0.376673
0.37735
0.377564
0.327579
0.378725
0.178726
0.379238
0.379439
0.38019
0.380436
0.930786
0.381506
1.0317
0.382906
0.383185
0.333719
0.383911
0.834272
0.634274
0.584286
0.384445
0.384832
0.235073
0.385074
0.385264
1.08541
0.685429
0.635952
0.685966
0.736401
0.386896
0.38708
0.387299
0.387668
0.738052
0.388782
0.839183
0.440631
0.390643
0.390829
0.39139
0.391822
1.04224
0.392506
0.642734
0.392935
0.843109
0.393523
0.393656
0.34367
0.393815
0.143829
0.844064
0.594065
0.344079
0.444706
0.845295
0.445562
0.345946
0.396183
0.396603
0.696789
0.546804
0.347057
0.647071
0.397404
0.39756
0.997728
0.148126
0.0481393
0.39832
0.348334
0.0485023
0.398701
0.348712
0.0992014
0.349348
0.399906
0.0682524
0.468742
0.368756
0.368915
0.91924
0.519513
0.369843
0.470314
0.370329
0.0710399
0.071707
0.522224
0.37238
0.374917
0.72634
0.426718
0.326733
0.0769726
0.0773746
0.0775306
0.0776957
0.0778787
0.0782937
0.37854
0.378687
0.7292
0.37956
0.429575
0.0799348
0.730473
0.330614
0.480616
0.430629
0.081165
0.081568
0.181977
0.381991
0.38215
0.0823511
0.0827381
0.382903
0.333149
0.383626
0.38389
0.384238
0.384872
0.435068
0.385082
0.38526
0.385644
0.385791
0.386157
0.386289
0.336304
0.386535
0.386814
0.336829
0.387078
0.387471
0.387837
0.388083
0.388239
0.388458
0.488792
0.388806
0.389184
0.389604
0.390139
0.340153
1.09073
0.390945
0.342137
0.392503
0.542722
0.393043
0.393364
0.343584
0.443998
0.394199
0.444331
0.394346
0.494505
0.395054
0.395246
0.395694
0.395967
0.696309
0.346483
0.446751
0.396765
0.397156
0.34717
0.597713
0.647959
0.348106
0.398404
0.348418
0.29864
0.349033
0.499625
0.699919
0.500169
0.632676
0.58269
0.932858
0.383104
0.183906
0.634234
0.584235
0.834248
0.734533
0.38468
0.38484
0.385058
0.385458
0.385806
0.385998
0.436322
0.386721
0.186736
0.386908
0.336909
0.136922
0.387264
0.187594
0.387759
0.487919
0.38792
0.337933
0.388347
0.388611
0.388821
0.489119
0.339133
0.489395
0.389409
0.740108
1.04011
0.690122
0.390353
0.490603
0.390617
0.190884
0.391826
0.39209
0.392336
0.742715
0.69273
0.742907
0.393321
0.393663
0.54415
0.744306
0.394846
0.395205
0.34522
0.395619
0.39598
0.345981
0.295994
0.396207
0.396838
0.497078
0.39708
0.347093
0.44727
0.347778
0.447792
0.348213
0.648862
0.548876
0.39917
0.399509
0.3999
0.420758
0.421137
0.471151
0.373135
0.426374
0.376389
0.42677
0.427121
0.377136
0.427499
0.377514
0.428709
0.128711
0.378722
0.428876
0.528877
0.37889
0.429254
0.379268
0.829659
0.579673
0.430078
0.430247
0.380261
0.480558
0.430559
0.380567
0.380799
1.08097
0.780968
0.630982
0.731342
0.431873
0.632266
0.0824668
0.0828238
0.382998
0.0832438
0.0833909
0.384187
0.0843699
0.0846159
0.384749
0.18475
0.434763
0.18498
0.384994
1.03526
0.085471
0.435681
0.386011
0.386167
0.386524
0.0869032
0.0870772
0.387419
0.388695
0.488709
0.0889135
0.0894045
0.0895966
0.389762
0.390065
0.390329
0.142154
0.492422
0.542423
0.392436
0.392703
0.392916
0.642931
0.393225
0.393618
0.493837
0.394029
0.394302
0.394695
0.394891
0.594893
0.544905
0.39505
0.345064
0.39541
0.345424
0.395847
0.396243
0.346484
0.396498
0.346792
0.397021
0.397231
0.347432
0.0976326
0.397852
0.448354
0.348368
0.0986168
0.498749
0.348764
0.398962
0.348977
0.349154
0.399559
0.0997059
0.399871
0.408061
0.508075
0.867419
0.767421
0.917423
1.01743
0.5243
0.224302
0.374315
0.425049
0.37552
0.475522
0.325535
0.375697
1.17571
0.126858
0.427841
0.377855
0.378041
0.628379
0.578393
0.728589
0.379187
1.02954
0.579553
0.380008
0.380467
0.430481
0.431175
0.38119
0.531452
0.381466
0.382541
0.482555
0.384518
0.384842
0.334857
0.535128
0.385142
0.685295
0.735297
1.08531
0.635559
0.436327
0.386328
0.336341
0.386713
0.736953
0.686968
0.337235
0.388323
0.389217
0.389497
0.339511
0.389724
0.390084
0.390276
0.390504
0.39066
0.391062
0.391285
0.391462
0.341477
0.391879
0.341894
0.392276
0.442748
0.393329
0.343344
0.39365
0.394563
0.394947
0.84522
0.395598
0.495613
0.496165
0.396433
0.346447
0.346669
0.497579
0.397783
0.647928
0.697942
0.749196
0.699211
0.399733
0.349748
0.449916
0.400182
0.611236
0.41294
0.419161
0.469162
0.369176
0.370754
0.422184
0.372198
0.422727
0.372741
0.0737513
0.474277
0.424279
0.374291
0.724685
0.774687
1.1247
0.374939
0.0751045
0.0752695
0.375516
0.425693
0.475695
0.525708
0.0764437
0.0769927
0.67774
1.02775
0.0779768
0.378124
1.02866
0.728679
1.07957
0.729571
0.679584
0.079797
0.07998
0.08081
0.43097
0.380984
0.381179
0.431516
0.481517
0.38153
0.381899
0.0823192
0.0826312
0.383013
0.483027
0.433172
0.383186
0.0833904
0.483523
0.383537
0.0839634
0.0844895
0.384673
0.384919
0.385066
0.185267
0.385939
0.386499
0.486513
0.186703
0.386704
0.436706
0.486717
0.336894
0.487026
0.387041
0.387209
0.637365
0.187905
0.388052
0.388472
0.838865
0.389285
0.389477
0.389759
0.38996
0.390206
0.190416
0.390581
0.390828
0.691011
0.391284
0.391548
0.391812
0.39198
0.341995
0.392208
0.642628
0.392802
0.893132
0.393498
0.0937169
0.0938999
0.394159
0.344173
0.39435
0.494551
0.344738
0.594752
0.845019
0.595408
0.545422
0.395794
0.395977
0.446223
0.346415
0.34658
0.596736
0.696973
0.397156
0.647412
0.347631
0.398033
0.34818
0.398345
0.799245
0.99926
0.149419
0.399656
0.374684
0.37484
0.625209
1.12522
0.380843
0.631351
0.482178
0.532193
0.382424
0.382691
0.332706
0.382883
0.633048
0.383453
0.383654
0.383801
0.384203
0.384617
0.634782
0.485175
0.38543
0.386249
0.686427
0.636441
0.487642
0.387656
0.388016
0.43819
0.388464
0.388821
0.189172
0.389187
0.389367
0.489382
0.389691
0.339706
0.540042
0.390044
0.490045
0.340057
0.390792
0.340925
0.391355
0.491369
0.591645
0.791846
0.492014
0.392672
0.393051
0.343065
0.393224
0.393599
0.393855
0.394002
0.0442656
0.394476
0.394632
0.395506
0.345875
0.696208
0.0464269
0.396586
0.346601
0.396769
0.047126
0.047336
0.397483
0.047804
0.0480861
0.0483321
0.0485331
0.398761
0.349172
0.399391
0.399646
0.399919
0.067641
0.51798
0.468506
0.36852
1.11937
0.469677
0.369691
0.0698503
0.0700783
0.0715445
0.0731918
0.0735259
0.373682
0.423919
0.724534
0.0748071
0.375897
0.726408
0.0765912
0.377005
0.877344
0.42775
0.477764
0.378178
0.428401
0.378415
0.529377
0.379392
0.329798
0.380017
0.380167
0.330182
0.180575
0.380577
0.33059
0.380884
0.381166
0.381403
0.382102
0.382396
0.432905
0.383253
0.383623
0.333637
0.534799
0.384813
0.385149
0.4353
0.385314
0.385563
0.435786
0.3858
0.386004
0.486146
0.53616
0.386569
0.136583
0.386787
0.38698
0.387244
0.387592
0.387775
0.388177
0.388333
0.938519
0.788521
0.638534
0.389003
0.389389
1.03975
0.490068
0.440082
0.490236
0.39025
0.440445
0.390757
0.190971
0.340985
0.591703
0.391877
0.392282
0.642786
0.393206
0.49338
0.593791
0.394085
0.444218
0.394233
0.144605
0.344607
0.39462
0.344836
0.144851
0.395238
0.395385
0.695796
0.346051
0.346324
0.346498
0.846885
0.447278
0.447848
0.498236
0.14825
0.998628
0.398908
0.348922
0.349117
0.34925
0.399264
0.349432
0.349801
0.370764
0.371535
0.821668
0.871683
0.372297
0.372429
0.372777
0.523256
0.223585
0.373599
0.375329
0.378583
0.429117
0.379119
0.37945
0.479465
0.529816
0.37999
0.380678
0.381221
0.381449
0.382544
0.533199
0.383213
0.383435
0.383595
0.184162
0.384164
0.385113
0.385305
0.385506
0.885848
0.486088
0.38609
0.486493
0.386508
0.386739
0.386935
0.336949
0.337492
0.53784
0.488203
0.388205
0.138218
0.388377
0.389368
0.389831
0.340005
0.390336
0.391256
0.441529
0.391877
0.842202
0.592216
1.09247
0.39284
0.343237
0.393251
0.393396
0.493411
0.693696
0.743897
0.744164
0.694179
0.394341
0.494356
0.544788
0.394956
0.395475
0.596147
0.396553
0.346567
0.146807
0.447044
0.397446
0.497656
0.497857
0.448514
0.0490915
0.0492475
0.0494215
0.0497515
0.0499525
0.0502116
0.705112
0.706212
0.0613492
0.413197
0.363212
0.363483
0.0636297
0.414718
0.367378
0.467393
0.369006
0.369807
0.0714153
0.621713
0.672025
0.0721904
0.0723734
0.622619
0.423404
0.373419
0.0735866
0.373965
0.57413
0.375847
0.376134
0.376554
0.476568
0.327099
0.47725
0.277264
0.427642
0.377972
0.378646
0.378919
0.37924
0.379405
0.379792
0.379975
0.380314
0.38111
1.28177
0.632114
0.632261
0.182636
0.382638
0.482649
0.383057
0.483226
0.38324
0.383739
0.384003
0.484344
0.384554
0.385431
0.388324
0.38848
0.63881
1.03922
0.389476
0.539632
0.389962
0.0901454
0.540461
0.390475
0.390908
0.391457
0.39197
0.392174
0.342189
0.69242
0.492594
1.04324
0.693257
0.393515
0.393863
0.394778
0.395102
0.395357
0.395567
0.395804
0.396068
0.346246
0.39626
0.396455
0.397346
0.397529
0.147785
0.698106
0.548361
0.448538
0.398553
0.548787
0.598802
0.348961
0.0991708
0.349591
0.399765
0.349993
0.412549
0.613121
0.464282
0.714566
1.41458
0.415122
0.365137
0.166319
0.367731
0.38205
0.382313
0.382595
0.432773
0.382787
0.383178
0.43331
0.383311
0.333325
0.133649
0.383826
0.483841
0.434162
0.585769
0.386574
0.487232
0.487598
0.3876
0.537613
0.388306
0.438667
0.539041
0.739443
0.38968
0.390073
0.140224
0.390225
0.290238
0.740401
0.840402
0.690404
0.790415
0.490578
0.390592
0.940746
0.69076
0.590974
0.391349
0.391715
0.392249
0.392414
0.392651
0.493176
0.393191
0.493386
0.39377
0.394163
0.744319
0.394574
0.394838
0.394983
0.344997
0.395429
0.395684
0.396312
0.396641
0.546896
0.397071
0.347344
0.397527
0.397728
0.148441
0.0484537
0.398853
0.149117
0.34933
0.0493449
0.399513
0.349687
0.720403
0.0709636
0.721111
0.0714137
0.422038
0.422554
0.873173
0.974695
0.724696
0.624709
0.624917
0.574931
0.825845
1.07586
0.0766473
0.0774364
0.0776195
0.0779975
0.42818
0.37819
0.428421
0.0789426
0.17921
0.379225
0.429429
0.429675
0.0800857
0.880251
0.0803978
0.43053
0.330545
0.0810409
0.0815229
0.0816969
0.0822219
0.382378
0.432561
0.082909
0.883065
0.433443
0.533603
0.383617
0.383959
0.634218
0.584232
0.384386
0.3344
0.384586
0.385145
0.385988
0.336003
0.386192
0.486207
0.386546
0.336561
0.386738
0.437137
0.387152
0.387859
0.388006
0.388352
0.488366
0.388798
0.389457
0.439459
0.339471
0.389874
0.489888
0.390123
0.340125
0.490137
0.390612
0.490626
0.391035
0.441049
0.391454
0.391797
0.341811
0.392154
0.392422
0.492436
0.742581
0.842595
0.442763
0.393151
0.443481
0.394617
0.494632
0.395301
0.445538
0.39573
0.395922
0.396064
0.346078
0.74661
0.396829
0.397007
0.347021
0.44722
0.397234
0.197916
0.34793
0.39821
0.348224
0.948606
0.548608
0.64862
0.0988784
0.349194
0.399196
0.149208
0.799493
0.549626
0.349628
0.149641
0.599821
0.549836